"GEOID10,C,5","NAMELSAD10,C,100","FUNCSTAT10,C,1","ALAND10,N,19,11","AWATER10,N,19,11","INTPTLAT10,C,11","INTPTLON10,C,12","DP0010001,N,9,0","DP0010002,N,9,0","DP0010003,N,9,0","DP0010004,N,9,0","DP0010005,N,9,0","DP0010006,N,9,0","DP0010007,N,9,0","DP0010008,N,9,0","DP0010009,N,9,0","DP0010010,N,9,0","DP0010011,N,9,0","DP0010012,N,9,0","DP0010013,N,9,0","DP0010014,N,9,0","DP0010015,N,9,0","DP0010016,N,9,0","DP0010017,N,9,0","DP0010018,N,9,0","DP0010019,N,9,0","DP0010020,N,9,0","DP0010021,N,9,0","DP0010022,N,9,0","DP0010023,N,9,0","DP0010024,N,9,0","DP0010025,N,9,0","DP0010026,N,9,0","DP0010027,N,9,0","DP0010028,N,9,0","DP0010029,N,9,0","DP0010030,N,9,0","DP0010031,N,9,0","DP0010032,N,9,0","DP0010033,N,9,0","DP0010034,N,9,0","DP0010035,N,9,0","DP0010036,N,9,0","DP0010037,N,9,0","DP0010038,N,9,0","DP0010039,N,9,0","DP0010040,N,9,0","DP0010041,N,9,0","DP0010042,N,9,0","DP0010043,N,9,0","DP0010044,N,9,0","DP0010045,N,9,0","DP0010046,N,9,0","DP0010047,N,9,0","DP0010048,N,9,0","DP0010049,N,9,0","DP0010050,N,9,0","DP0010051,N,9,0","DP0010052,N,9,0","DP0010053,N,9,0","DP0010054,N,9,0","DP0010055,N,9,0","DP0010056,N,9,0","DP0010057,N,9,0","DP0020001,N,19,11","DP0020002,N,19,11","DP0020003,N,19,11","DP0030001,N,9,0","DP0030002,N,9,0","DP0030003,N,9,0","DP0040001,N,9,0","DP0040002,N,9,0","DP0040003,N,9,0","DP0050001,N,9,0","DP0050002,N,9,0","DP0050003,N,9,0","DP0060001,N,9,0","DP0060002,N,9,0","DP0060003,N,9,0","DP0070001,N,9,0","DP0070002,N,9,0","DP0070003,N,9,0","DP0080001,N,9,0","DP0080002,N,9,0","DP0080003,N,9,0","DP0080004,N,9,0","DP0080005,N,9,0","DP0080006,N,9,0","DP0080007,N,9,0","DP0080008,N,9,0","DP0080009,N,9,0","DP0080010,N,9,0","DP0080011,N,9,0","DP0080012,N,9,0","DP0080013,N,9,0","DP0080014,N,9,0","DP0080015,N,9,0","DP0080016,N,9,0","DP0080017,N,9,0","DP0080018,N,9,0","DP0080019,N,9,0","DP0080020,N,9,0","DP0080021,N,9,0","DP0080022,N,9,0","DP0080023,N,9,0","DP0080024,N,9,0","DP0090001,N,9,0","DP0090002,N,9,0","DP0090003,N,9,0","DP0090004,N,9,0","DP0090005,N,9,0","DP0090006,N,9,0","DP0100001,N,9,0","DP0100002,N,9,0","DP0100003,N,9,0","DP0100004,N,9,0","DP0100005,N,9,0","DP0100006,N,9,0","DP0100007,N,9,0","DP0110001,N,9,0","DP0110002,N,9,0","DP0110003,N,9,0","DP0110004,N,9,0","DP0110005,N,9,0","DP0110006,N,9,0","DP0110007,N,9,0","DP0110008,N,9,0","DP0110009,N,9,0","DP0110010,N,9,0","DP0110011,N,9,0","DP0110012,N,9,0","DP0110013,N,9,0","DP0110014,N,9,0","DP0110015,N,9,0","DP0110016,N,9,0","DP0110017,N,9,0","DP0120001,N,9,0","DP0120002,N,9,0","DP0120003,N,9,0","DP0120004,N,9,0","DP0120005,N,9,0","DP0120006,N,9,0","DP0120007,N,9,0","DP0120008,N,9,0","DP0120009,N,9,0","DP0120010,N,9,0","DP0120011,N,9,0","DP0120012,N,9,0","DP0120013,N,9,0","DP0120014,N,9,0","DP0120015,N,9,0","DP0120016,N,9,0","DP0120017,N,9,0","DP0120018,N,9,0","DP0120019,N,9,0","DP0120020,N,9,0","DP0130001,N,9,0","DP0130002,N,9,0","DP0130003,N,9,0","DP0130004,N,9,0","DP0130005,N,9,0","DP0130006,N,9,0","DP0130007,N,9,0","DP0130008,N,9,0","DP0130009,N,9,0","DP0130010,N,9,0","DP0130011,N,9,0","DP0130012,N,9,0","DP0130013,N,9,0","DP0130014,N,9,0","DP0130015,N,9,0","DP0140001,N,9,0","DP0150001,N,9,0","DP0160001,N,19,11","DP0170001,N,19,11","DP0180001,N,9,0","DP0180002,N,9,0","DP0180003,N,9,0","DP0180004,N,9,0","DP0180005,N,9,0","DP0180006,N,9,0","DP0180007,N,9,0","DP0180008,N,9,0","DP0180009,N,9,0","DP0190001,N,19,11","DP0200001,N,19,11","DP0210001,N,9,0","DP0210002,N,9,0","DP0210003,N,9,0","DP0220001,N,9,0","DP0220002,N,9,0","DP0230001,N,19,11","DP0230002,N,19,11","Shape_Leng,N,19,11","Shape_Area,N,19,11"
19127,Marshall County,A,1482770678,1803086,+42.0416910,-092.9814523,40648,2866,2801,2821,2891,2297,2381,2265,2220,2363,2748,2996,2870,2452,1818,1417,1198,1075,1169,20428,1497,1432,1479,1490,1230,1248,1143,1108,1205,1376,1471,1473,1267,910,685,538,443,433,20220,1369,1369,1342,1401,1067,1133,1122,1112,1158,1372,1525,1397,1185,908,732,660,632,736,39.6,38.2,40.8,31560,15713,15847,30344,15071,15273,28768,14238,14530,8103,3738,4365,6677,3009,3668,40648,39818,36071,679,186,536,95,52,46,3,35,37,268,50,6,10,7,27,2296,830,108,108,211,263,36805,963,334,689,71,2653,40648,7017,6332,81,16,588,33631,40648,7017,4264,50,82,10,11,2263,337,33631,31807,629,104,526,39,33,493,40648,39273,15538,8096,11489,9139,2072,903,169,2078,234,86,1075,1375,1225,831,394,150,94,56,15538,10452,4538,8096,3067,763,433,1593,1038,5086,4218,1860,446,2358,1333,5013,4302,2.53,3.07,16831,15538,1293,360,28,265,77,81,482,2.3,7.9,15538,11393,4145,29497,9776,2.59,2.36,1.62450670616,0.161412595144
19011,Benton County,A,1855117342,5760770,+42.0925474,-092.0576300,26076,1645,1851,1882,1864,1085,1314,1505,1575,1895,2225,2130,1697,1393,1144,849,764,588,670,13027,844,921,999,1002,557,667,741,781,914,1133,1122,893,697,544,419,352,242,199,13049,801,930,883,862,528,647,764,794,981,1092,1008,804,696,600,430,412,346,471,40.9,40,41.7,20295,10045,10250,19430,9591,9839,18603,9126,9477,4851,2184,2667,4015,1756,2259,26076,25837,25569,102,45,66,12,17,4,1,13,2,17,2,1,0,0,1,53,239,69,29,99,22,25802,208,126,98,8,85,26076,275,190,18,0,67,25801,26076,275,182,9,4,0,0,48,32,25801,25387,93,41,66,2,5,207,26076,25763,10302,6138,7640,6225,639,266,81,1044,149,51,627,313,224,74,150,89,47,42,10302,7373,3227,6138,2450,441,276,794,501,2929,2470,1162,305,1308,843,3428,2745,2.5,2.96,11095,10302,793,174,13,146,37,109,314,1.7,8,10302,8323,1979,21470,4293,2.58,2.17,1.80709329504,0.202466337594
19041,Clay County,A,1469139214,13866941,+43.0798220,-095.1497261,16667,1078,1042,1047,1039,801,988,985,898,932,1189,1344,1262,996,731,633,567,536,599,8171,549,508,537,558,416,517,498,457,482,584,681,618,492,355,293,232,213,181,8496,529,534,510,481,385,471,487,441,450,605,663,644,504,376,340,335,323,418,42.5,40.4,44.6,13292,6468,6824,12837,6224,6613,12306,5935,6371,3635,1554,2081,3066,1274,1792,16667,16480,16077,69,38,99,4,10,13,2,24,7,39,1,0,0,0,1,196,187,38,34,61,41,16256,136,82,140,6,239,16667,477,337,22,5,113,16190,16667,477,234,1,2,1,1,195,43,16190,15843,68,36,98,0,1,144,16667,16433,7282,3722,4345,3612,317,134,35,767,82,23,468,234,208,67,141,26,19,7,7282,4596,1919,3722,1314,275,176,599,429,2686,2306,993,259,1313,797,2023,2124,2.26,2.82,8062,7282,780,251,10,87,24,86,322,1.7,10.5,7282,5144,2138,12140,4293,2.36,2.01,1.63946947959,0.163929925065
19165,Shelby County,A,1530110414,1486135,+41.6790143,-095.3089173,12167,684,781,855,798,457,492,555,643,739,983,989,891,760,579,527,488,440,506,5942,346,424,429,361,238,248,269,322,368,473,540,436,385,290,246,204,188,175,6225,338,357,426,437,219,244,286,321,371,510,449,455,375,289,281,284,252,331,45.4,44.5,46.3,9671,4667,5004,9301,4515,4786,8963,4336,4627,2991,1318,1673,2540,1103,1437,12167,12085,11909,32,28,46,8,9,6,7,7,6,3,2,0,1,1,0,68,82,39,15,18,3,11991,53,70,61,5,73,12167,219,157,6,11,45,11948,12167,219,146,1,4,0,2,61,5,11948,11763,31,24,46,0,7,77,12167,11947,5085,2846,3258,2687,247,114,29,511,63,27,279,220,218,75,143,2,0,2,5085,3374,1332,2846,993,151,101,377,238,1711,1482,673,206,809,544,1410,1680,2.35,2.88,5542,5085,457,86,6,80,29,37,219,2,7,5085,3948,1137,9515,2432,2.41,2.14,1.75047388681,0.165627892864
19043,Clayton County,A,2016405612,36586071,+42.8409979,-091.3235108,18129,1122,1130,1175,1154,785,886,838,961,1003,1372,1606,1405,1188,907,768,681,551,597,9079,571,559,629,583,402,462,422,514,499,681,827,734,616,466,363,318,232,201,9050,551,571,546,571,383,424,416,447,504,691,779,671,572,441,405,363,319,396,45,44.1,46,14468,7198,7270,13925,6930,6995,13371,6641,6730,4207,1936,2271,3504,1580,1924,18129,17981,17731,61,20,42,3,8,13,0,8,0,10,17,7,6,0,4,110,148,28,23,35,25,17872,99,60,74,43,135,18129,306,233,7,6,60,17823,18129,306,168,1,7,0,0,108,22,17823,17563,60,13,42,17,2,126,18129,17842,7599,4205,4871,3947,369,146,54,798,107,64,463,287,219,88,131,68,39,29,7599,5020,1921,4205,1431,326,198,489,292,2579,2198,1055,297,1143,743,2056,2401,2.35,2.88,8999,7599,1400,174,15,113,30,756,312,1.9,8.8,7599,5819,1780,14178,3664,2.44,2.06,2.20179748392,0.22607271974
19097,Jackson County,A,1647332960,35141529,+42.1642812,-090.5745965,19848,1122,1241,1368,1353,837,987,979,1038,1302,1631,1630,1439,1228,1048,812,752,515,566,9846,544,642,737,705,431,504,499,521,647,819,809,748,612,493,415,324,209,187,10002,578,599,631,648,406,483,480,517,655,812,821,691,616,555,397,428,306,379,44,42.9,45,15828,7773,8055,15243,7482,7761,14608,7143,7465,4424,1982,2442,3693,1628,2065,19848,19643,19339,61,40,47,12,5,18,2,6,1,3,89,1,2,1,85,67,205,61,20,64,24,19525,138,115,79,109,97,19848,220,137,27,8,48,19628,19848,220,116,3,3,0,1,65,32,19628,19223,58,37,47,88,2,173,19848,19647,8289,4544,5493,4285,479,191,74,842,129,29,519,201,179,62,117,22,9,13,8289,5576,2244,4544,1584,331,198,701,462,2713,2342,1082,310,1260,818,2392,2560,2.37,2.89,9415,8289,1126,173,21,151,34,481,266,2.3,7.9,8289,6299,1990,15480,4167,2.46,2.09,2.07651479048,0.183316350955
19079,Hamilton County,A,1493777716,1965344,+42.3907681,-093.7091980,15673,972,988,1155,975,699,844,853,909,950,1232,1240,1056,965,677,594,548,493,523,7792,491,509,608,521,369,458,408,481,478,647,637,509,473,330,260,223,225,165,7881,481,479,547,454,330,386,445,428,472,585,603,547,492,347,334,325,268,358,42.3,40.6,44.2,12354,6079,6275,11904,5836,6068,11434,5586,5848,3395,1472,1923,2835,1203,1632,15673,15459,14703,50,33,311,22,20,11,3,8,1,246,0,0,0,0,0,362,214,62,39,47,38,14906,116,112,360,5,408,15673,782,669,25,3,85,14891,15673,782,359,10,7,0,0,354,52,14891,14344,40,26,311,0,8,162,15673,15475,6540,3483,4289,3478,440,185,49,723,102,25,434,198,189,68,121,9,6,3,6540,4312,1771,3483,1239,282,188,547,344,2228,1909,900,216,1009,632,1916,1925,2.37,2.9,7219,6540,679,187,15,117,36,58,266,2.4,9.7,6540,4818,1722,11802,3673,2.45,2.13,1.71346374141,0.163512000917
19173,Taylor County,A,1377618597,7133648,+40.7379489,-094.6971082,6317,374,411,426,377,269,348,316,318,345,466,457,477,406,341,267,233,221,265,3147,196,218,220,185,130,192,159,152,197,220,231,239,219,171,125,100,99,94,3170,178,193,206,192,139,156,157,166,148,246,226,238,187,170,142,133,122,171,44.6,43.3,46.1,5016,2467,2549,4841,2398,2443,4674,2305,2369,1571,724,847,1327,589,738,6317,6258,6068,14,9,17,2,0,3,1,5,2,4,3,0,3,0,0,147,59,20,6,12,16,6124,28,31,23,6,166,6317,364,333,1,2,28,5953,6317,364,196,2,0,0,3,147,16,5953,5872,12,9,17,0,0,43,6317,6221,2679,1463,1583,1344,208,99,18,288,32,24,176,96,96,29,67,0,0,0,2679,1747,676,1463,494,104,76,180,106,932,796,384,131,412,275,734,896,2.32,2.86,3107,2679,428,43,4,50,26,72,233,2.3,6.5,2679,2063,616,4902,1319,2.38,2.14,1.57197270245,0.147626920519
19139,Muscatine County,A,1133040484,30198875,+41.4837760,-091.1186992,42745,3069,3076,3116,3013,2312,2616,2551,2640,2793,3190,3172,2924,2430,1742,1318,1009,872,902,21227,1524,1625,1598,1566,1214,1324,1285,1279,1400,1597,1594,1481,1227,830,599,456,358,270,21518,1545,1451,1518,1447,1098,1292,1266,1361,1393,1593,1578,1443,1203,912,719,553,514,632,38.2,36.9,39.3,32885,16143,16742,31581,15472,16109,29992,14674,15318,7260,3243,4017,5843,2513,3330,42745,41932,38061,606,133,350,75,48,37,2,37,29,122,13,0,1,2,10,2769,813,136,79,168,327,38826,823,330,466,37,3131,42745,6803,5734,191,15,863,35942,42745,6803,3543,61,57,16,0,2728,398,35942,34518,545,76,334,13,41,415,42745,42192,16412,8789,12554,9922,2049,893,229,2388,305,73,1318,553,444,196,248,109,67,42,16412,11458,5165,8789,3475,897,522,1772,1168,4954,4025,1838,427,2187,1224,5702,4059,2.57,3.04,17910,16412,1498,434,24,245,80,243,472,1.9,9.4,16412,12258,4154,32333,9859,2.64,2.37,1.64740187235,0.125407939224
19197,Wright County,A,1503286817,4703964,+42.7330073,-093.7347352,13229,854,840,848,849,592,686,653,665,717,936,1021,1014,785,624,563,545,496,541,6575,398,437,436,468,313,360,330,331,390,458,536,543,384,302,269,249,194,177,6654,456,403,412,381,279,326,323,334,327,478,485,471,401,322,294,296,302,364,44.4,42.5,46,10522,5218,5304,10143,5001,5142,9730,4778,4952,3237,1416,1821,2769,1191,1578,13229,13020,12545,57,20,33,3,2,9,4,9,4,2,6,0,6,0,0,359,209,52,36,32,75,12745,93,76,69,13,445,13229,1274,1072,18,0,184,11955,13229,1274,807,17,0,0,3,354,93,11955,11738,40,20,33,3,5,116,13229,13031,5625,2923,3452,2864,347,133,32,684,84,29,402,198,159,59,100,39,25,14,5625,3641,1479,2923,992,254,163,464,324,1984,1719,778,219,941,652,1590,1881,2.32,2.85,6529,5625,904,176,10,119,19,203,377,2.8,10.5,5625,4134,1491,9744,3287,2.36,2.2,1.6459419947,0.165762894756
19045,Clinton County,A,1799821282,39523759,+41.8980732,-090.5342431,49116,3095,3142,3305,3321,2722,2663,2728,2741,3047,3804,3936,3381,2964,2275,1935,1483,1262,1312,24165,1611,1640,1679,1707,1362,1336,1373,1364,1534,1907,1941,1705,1468,1116,905,627,501,389,24951,1484,1502,1626,1614,1360,1327,1355,1377,1513,1897,1995,1676,1496,1159,1030,856,761,923,41.4,40,42.8,38896,18879,20017,37526,18196,19330,35684,17257,18427,9964,4390,5574,8267,3538,4729,49116,48217,46152,1291,121,280,73,54,32,8,68,10,35,12,4,3,0,5,361,899,193,90,419,107,47018,1769,365,390,27,500,49116,1243,968,66,30,179,47873,49116,1243,698,33,20,3,3,338,148,47873,45454,1258,101,277,9,23,751,49116,48264,20223,10102,13485,10496,1725,771,205,2729,310,104,1550,852,478,157,321,374,190,184,20223,13193,5625,10102,3712,1003,615,2088,1298,7030,5876,2626,721,3250,1868,6146,5790,2.39,2.92,21733,20223,1510,431,22,277,74,165,541,1.8,7.2,20223,14695,5528,36433,11831,2.48,2.14,2.2275860263,0.199559848071
19095,Iowa County,A,1518916014,2686847,+41.6839184,-092.0591226,16355,1000,1052,1162,1147,671,818,884,949,1091,1319,1398,1183,870,650,644,557,428,532,8069,493,536,597,578,338,426,451,469,554,663,705,628,456,325,279,251,160,160,8286,507,516,565,569,333,392,433,480,537,656,693,555,414,325,365,306,268,372,42.4,41.4,43.3,12883,6321,6562,12338,6032,6306,11860,5789,6071,3300,1415,1885,2811,1175,1636,16355,16232,16002,57,27,56,11,10,16,0,6,2,11,2,0,0,1,1,88,123,35,15,44,15,16117,108,69,76,6,107,16355,307,233,7,0,67,16048,16355,307,184,4,13,2,0,79,25,16048,15818,53,14,54,2,9,98,16355,16065,6677,3826,4607,3762,352,140,55,603,92,16,353,290,239,71,168,51,24,27,6677,4547,1952,3826,1493,265,165,456,294,2130,1857,856,213,1001,638,2078,1893,2.41,2.93,7258,6677,581,172,12,95,16,67,219,1.8,10.5,6677,5217,1460,13178,2887,2.53,1.98,1.6471455116,0.164550240141
19021,Buena Vista County,A,1489022575,13758158,+42.7415220,-095.1414325,20260,1449,1345,1317,1734,1578,1205,1049,1059,1131,1377,1587,1397,977,681,582,564,569,659,10142,728,706,660,905,845,636,534,543,589,685,815,733,501,328,255,222,236,221,10118,721,639,657,829,733,569,515,516,542,692,772,664,476,353,327,342,333,438,37.1,35.5,39,15868,7900,7968,15204,7542,7662,14046,6939,7107,3603,1548,2055,3055,1262,1793,20260,19901,16341,540,51,1141,71,28,13,4,15,95,915,100,11,7,0,82,1728,359,34,44,34,169,16634,616,106,1218,117,1938,20260,4608,3778,41,26,763,15652,20260,4608,2585,43,33,22,5,1718,202,15652,13756,497,18,1119,95,10,157,20260,19246,7522,4047,5591,4468,1108,411,99,978,149,30,453,1014,268,111,157,746,390,356,7522,5027,2193,4047,1571,341,196,639,426,2495,2152,969,210,1183,704,2389,2054,2.56,3.14,8237,7522,715,201,22,82,68,59,283,1.5,8.1,7522,5276,2246,13816,5430,2.62,2.42,1.64572927561,0.165196410813
19193,Woodbury County,A,2260629616,12793293,+42.3932198,-096.0532956,102172,7927,7482,7281,7812,7404,6648,6413,6274,6131,6921,6919,6579,5256,3680,2963,2355,2141,1986,50394,4019,3822,3749,4013,3725,3420,3193,3110,3126,3474,3417,3246,2536,1758,1367,956,854,609,51778,3908,3660,3532,3799,3679,3228,3220,3164,3005,3447,3502,3333,2720,1922,1596,1399,1287,1377,35.1,33.7,36.4,78037,38047,39990,74958,36471,38487,70101,33989,36112,16067,6953,9114,13125,5544,7581,102172,98866,85387,2456,2254,2423,81,114,126,38,115,1287,662,106,23,13,1,69,6240,3306,641,345,934,773,88318,3740,3281,2921,201,7243,102172,13993,10874,206,45,2868,88179,102172,13993,6105,72,465,28,4,6180,1139,88179,79282,2384,1789,2395,102,60,2167,102172,99536,39052,18540,30742,24317,4999,2169,470,6203,590,184,3163,2636,788,390,398,1848,921,927,39052,25633,12282,18540,7762,2180,1306,4913,3214,13419,10979,4822,1175,6157,3134,13447,9594,2.55,3.12,41484,39052,2432,1050,35,331,111,118,787,1.2,7.5,39052,26149,12903,69594,29942,2.66,2.32,2.42994045798,0.248549777005
19109,Kossuth County,A,2519332852,4154729,+43.2124777,-094.2139830,15543,902,935,1002,1017,582,770,706,692,845,1153,1383,1177,980,755,799,671,575,599,7708,499,449,512,511,329,381,368,351,419,592,725,600,496,356,367,316,228,209,7835,403,486,490,506,253,389,338,341,426,561,658,577,484,399,432,355,347,390,46.6,45.4,47.7,12456,6129,6327,11988,5900,6088,11605,5688,5917,3939,1756,2183,3399,1476,1923,15543,15423,15223,44,20,59,16,10,9,1,15,2,6,4,0,2,0,2,73,120,15,26,43,21,15338,91,48,87,6,101,15543,215,163,3,0,49,15328,15543,215,102,1,12,0,4,67,29,15328,15121,43,8,59,0,6,91,15543,15286,6697,3737,4050,3341,270,133,38,532,77,23,309,257,218,61,157,39,13,26,6697,4403,1663,3737,1243,248,160,418,260,2294,2070,969,291,1101,717,1756,2263,2.28,2.83,7486,6697,789,193,16,116,151,81,232,2.1,11.9,6697,5286,1411,12512,2774,2.37,1.97,2.1286774667,0.279491733114
19195,Worth County,A,1036314948,4709127,+43.3734910,-093.2485332,7598,414,419,554,554,290,410,376,432,457,599,639,578,486,374,306,253,206,251,3786,201,210,261,300,143,224,192,206,239,318,339,289,250,196,152,110,77,79,3812,213,209,293,254,147,186,184,226,218,281,300,289,236,178,154,143,129,172,43.8,43.3,44.5,6090,3055,3035,5841,2930,2911,5606,2788,2818,1658,743,915,1390,614,776,7598,7531,7435,27,14,24,1,2,5,1,4,10,1,0,0,0,0,0,31,67,26,10,12,5,7492,47,44,41,2,42,7598,147,135,1,0,11,7451,7598,147,100,6,4,0,0,29,8,7451,7335,21,10,24,0,2,59,7598,7508,3172,1775,2070,1649,147,59,28,344,49,19,205,90,90,33,57,0,0,0,3172,2149,871,1775,632,139,94,235,145,1023,872,437,113,435,287,919,939,2.37,2.86,3548,3172,376,75,7,75,13,34,172,2.9,10.4,3172,2531,641,6172,1336,2.44,2.08,1.43518120417,0.115623609146
19183,Washington County,A,1473276393,5399692,+41.3294011,-091.7250523,21704,1386,1518,1585,1454,930,1154,1187,1201,1412,1628,1620,1539,1332,960,776,692,566,764,10626,697,783,813,756,471,590,595,586,703,816,798,758,670,465,373,300,230,222,11078,689,735,772,698,459,564,592,615,709,812,822,781,662,495,403,392,336,542,41.6,40.2,42.9,16905,8182,8723,16245,7841,8404,15601,7493,8108,4519,1960,2559,3758,1590,2168,21704,21386,20796,146,56,72,9,30,17,0,6,4,6,13,0,5,7,1,303,318,72,42,77,102,21103,238,138,123,22,416,21704,1138,968,29,8,133,20566,21704,1138,682,6,16,0,0,301,133,20566,20114,140,40,72,13,2,185,21704,21394,8741,4853,6247,5113,624,229,90,929,116,47,493,310,296,99,197,14,10,4,8741,5874,2553,4853,1920,311,188,710,445,2867,2450,1070,278,1380,826,2711,2528,2.45,3,9516,8741,775,217,27,138,59,68,266,2,8.9,8741,6539,2202,16723,4671,2.56,2.12,1.65867330597,0.159056989109
19161,Sac County,A,1489272900,8596902,+42.3875259,-095.1052244,10350,596,632,685,610,373,468,495,503,596,747,887,812,655,485,478,421,418,489,5064,300,309,337,323,205,246,262,239,313,371,472,413,318,240,220,181,173,142,5286,296,323,348,287,168,222,233,264,283,376,415,399,337,245,258,240,245,347,46.6,45,48.2,8293,4045,4248,8025,3906,4119,7760,3761,3999,2676,1136,1540,2291,956,1335,10350,10263,10125,31,7,16,1,1,9,0,0,0,5,5,2,2,0,1,79,87,32,9,23,12,10203,56,40,34,8,98,10350,195,159,1,0,35,10155,10350,195,94,0,1,1,2,78,19,10155,10031,31,6,15,3,1,68,10350,10127,4482,2437,2625,2199,227,85,42,356,38,5,242,223,211,62,149,12,7,5,4482,2897,1067,2437,797,169,94,291,176,1585,1415,640,161,775,521,1135,1519,2.26,2.83,5429,4482,947,83,2,64,29,400,369,1.8,7.9,4482,3520,962,8242,1885,2.34,1.96,1.76311807708,0.163750923938
19091,Humboldt County,A,1124967281,3406139,+42.7822212,-094.2027754,9815,625,624,628,588,490,508,525,472,529,725,843,677,560,487,413,405,359,357,4847,325,302,324,304,247,276,275,252,261,354,415,350,279,246,176,191,157,113,4968,300,322,304,284,243,232,250,220,268,371,428,327,281,241,237,214,202,244,44.3,42.1,45.9,7815,3833,3982,7557,3697,3860,7261,3545,3716,2347,1042,1305,2021,883,1138,9815,9713,9418,44,15,32,0,5,8,2,6,3,8,1,0,1,0,0,203,102,30,18,27,20,9517,73,46,54,4,225,9815,357,316,5,4,32,9458,9815,357,130,5,1,1,1,199,20,9458,9288,39,14,31,0,4,82,9815,9682,4209,2258,2565,2121,204,80,32,446,57,16,261,133,133,40,93,0,0,0,4209,2731,1070,2258,749,175,117,298,204,1478,1271,581,164,690,421,1137,1345,2.3,2.84,4684,4209,475,98,3,71,71,45,187,2.1,8.7,4209,3180,1029,7626,2056,2.4,2,1.46988748069,0.124119661207
19035,Cherokee County,A,1494180371,423187,+42.7427375,-095.6332616,12072,681,676,715,722,537,606,583,554,642,935,1034,1024,759,605,528,523,451,497,5954,335,326,353,378,285,333,297,267,331,470,547,539,409,297,216,223,183,165,6118,346,350,362,344,252,273,286,287,311,465,487,485,350,308,312,300,268,332,47,45.9,47.8,9844,4855,4989,9517,4684,4833,9171,4500,4671,3027,1313,1714,2604,1084,1520,12072,11967,11667,66,32,62,2,6,14,5,20,2,13,9,5,3,0,1,131,105,29,14,32,13,11766,110,69,82,13,146,12072,274,195,9,0,70,11798,12072,274,114,2,3,0,8,131,16,11798,11553,64,29,62,1,0,89,12072,11701,5207,2795,2953,2365,259,123,28,487,55,26,298,371,360,192,168,11,4,7,5207,3384,1233,2795,851,200,138,389,244,1823,1608,729,197,879,578,1322,1716,2.25,2.78,5777,5207,570,127,11,62,31,30,309,1.5,9.1,5207,3947,1260,9098,2603,2.31,2.07,1.64027941638,0.164297891216
19189,Winnebago County,A,1037261544,3182052,+43.3781243,-093.7434883,10866,594,648,677,765,705,520,550,572,587,763,870,894,628,504,427,380,368,414,5383,297,310,366,427,377,295,278,284,305,384,425,461,329,234,190,150,152,119,5483,297,338,311,338,328,225,272,288,282,379,445,433,299,270,237,230,216,295,43.5,40.9,45.9,8816,4330,4486,8512,4166,4346,8031,3908,4123,2438,1022,1416,2093,845,1248,10866,10755,10441,85,22,88,3,9,32,3,6,12,23,1,1,0,0,0,118,111,13,26,31,32,10545,118,36,120,5,155,10866,360,266,21,12,61,10506,10866,360,194,7,4,3,0,115,37,10506,10247,78,18,85,1,3,74,10866,10378,4597,2368,2713,2224,218,93,41,482,35,20,268,488,196,61,135,292,163,129,4597,2909,1150,2368,795,201,126,340,229,1688,1456,650,144,806,535,1215,1418,2.26,2.82,5194,4597,597,167,3,98,18,59,252,2.7,12.9,4597,3471,1126,8075,2303,2.33,2.05,1.43524769962,0.115559486941
19119,Lyon County,A,1522007130,334472,+43.3835796,-096.2072011,11581,929,916,846,779,500,625,723,629,677,776,819,790,624,412,421,422,331,362,5783,465,501,448,412,249,324,350,328,345,403,432,395,304,211,169,182,140,125,5798,464,415,398,367,251,301,373,301,332,373,387,395,320,201,252,240,191,237,38.7,37,40.5,8736,4301,4435,8376,4101,4275,8019,3913,4106,2319,1003,1316,1948,827,1121,11581,11511,11340,10,9,25,2,6,3,3,1,0,10,0,0,0,0,0,127,70,30,5,9,10,11409,34,51,30,1,140,11581,212,160,6,3,43,11369,11581,212,73,1,1,0,0,124,13,11369,11267,9,8,25,0,3,57,11581,11420,4442,2871,3715,3116,148,60,24,244,29,9,143,161,161,56,105,0,0,0,4442,3237,1428,2871,1205,130,76,236,147,1205,1093,493,136,600,416,1470,1278,2.57,3.08,4848,4442,406,93,7,64,18,31,193,1.7,10.7,4442,3669,773,9577,1843,2.61,2.38,2.22312103268,0.169090703954
19125,Marion County,A,1436237259,41374638,+41.3314552,-093.0938490,33309,2220,2286,2356,2674,2224,1778,1812,1904,2025,2400,2460,2208,1770,1445,1177,937,808,825,16541,1170,1202,1183,1362,1154,880,916,956,1002,1205,1244,1133,882,707,550,408,341,246,16768,1050,1084,1173,1312,1070,898,896,948,1023,1195,1216,1075,888,738,627,529,467,579,38.6,37.3,39.8,25962,12741,13221,24947,12200,12747,23197,11326,11871,6231,2763,3468,5192,2252,2940,33309,32964,32203,225,60,379,75,49,61,4,39,16,135,6,1,2,1,2,91,345,113,58,95,27,32524,335,182,465,23,139,33309,531,336,62,14,119,32778,33309,531,369,14,16,0,0,86,46,32778,31834,211,44,379,6,5,299,33309,31616,12723,7447,9481,7876,831,368,123,1134,111,92,617,1693,239,75,164,1454,711,743,12723,8867,3929,7447,2986,446,274,974,669,3856,3354,1520,365,1834,1078,4169,3496,2.48,3,13914,12723,1191,356,19,231,81,123,381,2.3,10.1,12723,9574,3149,25259,6357,2.64,2.02,1.61042208275,0.158939764943
19107,Keokuk County,A,1500067240,1929331,+41.3311823,-092.1677213,10511,610,670,696,708,452,595,539,550,589,817,892,747,625,521,420,419,305,356,5226,316,366,347,343,254,296,276,285,308,399,465,386,319,252,196,171,143,104,5285,294,304,349,365,198,299,263,265,281,418,427,361,306,269,224,248,162,252,43.8,42.2,45.3,8378,4123,4255,8069,3984,4085,7743,3806,3937,2393,1039,1354,2021,866,1155,10511,10449,10339,50,14,18,0,2,7,0,1,1,7,0,0,0,0,0,28,62,17,8,19,7,10396,69,36,32,7,39,10511,90,70,6,1,13,10421,10511,90,53,0,0,2,0,27,8,10421,10286,50,14,16,0,1,54,10511,10371,4408,2407,2825,2259,297,127,44,434,56,23,259,140,123,31,92,17,10,7,4408,2941,1168,2407,820,198,126,336,222,1467,1276,604,169,672,447,1263,1378,2.35,2.88,4931,4408,523,117,2,83,19,37,265,2.3,11.9,4408,3542,866,8481,1890,2.39,2.18,1.62608941007,0.16156762847
19103,Johnson County,A,1590355537,23595204,+41.6687365,-091.5888122,130882,8075,7286,6713,10920,21052,12990,9506,7616,7340,7448,7680,7329,5716,3618,2517,1942,1535,1599,65462,4166,3689,3432,5329,10789,6726,4972,3941,3723,3677,3766,3559,2831,1749,1171,855,575,512,65420,3909,3597,3281,5591,10263,6264,4534,3675,3617,3771,3914,3770,2885,1869,1346,1087,960,1087,29.3,28.8,29.8,107554,53494,54060,104964,52183,52781,92866,46316,46550,14365,6429,7936,11211,4862,6349,130882,127917,112083,6305,287,6819,1441,2400,242,249,1156,506,825,51,9,12,10,20,2372,2965,409,836,914,278,114745,7549,916,7873,151,2828,130882,6200,3860,390,132,1818,124682,130882,6200,3316,142,61,45,4,2142,490,124682,108767,6163,226,6774,47,230,2475,130882,123025,52715,22279,29271,24709,3204,827,412,15556,324,186,4015,7857,1568,1151,417,6289,2877,3412,52715,27883,13163,22279,9868,1614,799,3990,2496,24832,15961,7496,831,8465,2414,13740,7860,2.33,2.96,55967,52715,3252,1173,84,810,178,327,680,2.5,5.2,52715,31299,21416,78475,44550,2.51,2.08,1.84802310888,0.174497604455
19135,Monroe County,A,1123316981,1522806,+41.0288473,-092.8696415,7970,521,527,525,540,379,411,440,435,499,555,572,585,499,387,363,269,219,244,3976,266,270,293,262,207,204,218,227,258,273,293,307,232,202,165,124,99,76,3994,255,257,232,278,172,207,222,208,241,282,279,278,267,185,198,145,120,168,42.1,40.7,43.7,6293,3105,3188,6045,2982,3063,5781,2847,2934,1775,803,972,1482,666,816,7970,7868,7764,22,11,31,6,3,8,1,5,1,7,0,0,0,0,0,40,102,20,14,26,28,7859,59,38,47,2,73,7970,169,141,3,1,24,7801,7970,169,87,0,1,2,0,39,40,7801,7677,22,10,29,0,1,62,7970,7848,3213,1775,2240,1764,253,113,25,367,47,27,202,122,122,39,83,0,0,0,3213,2195,893,1775,656,144,87,276,150,1018,863,399,115,464,275,968,973,2.44,2.94,3884,3213,671,92,6,60,62,292,159,2.3,11,3213,2474,739,6152,1696,2.49,2.29,1.44256725259,0.120440611282
19141,O'Brien County,A,1484154091,447448,+43.0837455,-095.6256244,14398,922,937,948,887,656,800,786,691,783,1013,1168,1082,788,616,562,625,554,580,7166,473,518,499,483,346,425,414,362,405,486,608,544,388,300,259,259,224,173,7232,449,419,449,404,310,375,372,329,378,527,560,538,400,316,303,366,330,407,43.6,40.8,46.6,11412,5581,5831,11005,5362,5643,10574,5115,5459,3395,1427,1968,2937,1215,1722,14398,14284,13829,67,18,82,10,17,7,1,13,2,32,1,0,0,1,0,287,114,27,13,23,29,13937,94,49,109,14,322,14398,545,452,13,0,80,13853,14398,545,224,11,2,0,0,281,27,13853,13605,56,16,82,1,6,87,14398,14032,6069,3342,3822,3199,271,114,31,528,78,15,297,366,208,78,130,158,100,58,6069,3927,1578,3342,1185,214,143,371,250,2142,1909,820,240,1089,762,1671,2007,2.31,2.89,6649,6069,580,147,3,85,40,40,265,1.8,9,6069,4594,1475,11048,2984,2.4,2.02,1.63942114501,0.164109374158
19061,Dubuque County,A,1575501687,21569071,+42.4634808,-090.8787708,93653,5955,6195,6299,6911,6788,5907,5212,5066,5845,6826,6859,6299,5136,3878,3244,2716,2217,2300,46132,3008,3163,3210,3555,3428,3063,2653,2533,2956,3461,3434,3083,2542,1818,1527,1175,848,675,47521,2947,3032,3089,3356,3360,2844,2559,2533,2889,3365,3425,3216,2594,2060,1717,1541,1369,1625,38.6,37,40.1,73960,36145,37815,71401,34815,36586,66790,32449,34341,17165,7386,9779,14355,6043,8312,93653,92436,88092,2486,178,878,281,135,119,34,91,127,91,288,14,11,1,262,514,1217,226,210,513,92,89223,3113,480,1162,330,652,93653,1807,1176,158,38,435,91846,93653,1807,1111,50,34,7,6,465,134,91846,86981,2436,144,871,282,49,1083,93653,89385,36815,19212,26432,20845,2375,935,363,4551,373,170,2326,4268,1173,541,632,3095,1336,1759,36815,24103,10723,19212,7724,1504,839,3387,2160,12712,10472,4850,1129,5622,2877,11348,9489,2.43,2.99,38951,36815,2136,754,37,317,95,243,690,1.2,7.1,36815,26969,9846,69580,19805,2.58,2.01,1.9600298454,0.174822585447
19177,Van Buren County,A,1255597645,14839903,+40.7541168,-091.9529430,7570,492,510,476,508,332,407,378,395,446,516,582,551,479,410,379,263,219,227,3806,259,276,244,264,160,207,199,209,231,246,296,288,237,209,177,131,91,82,3764,233,234,232,244,172,200,179,186,215,270,286,263,242,201,202,132,128,145,43.3,41.8,44.7,5986,2970,3016,5748,2845,2903,5524,2734,2790,1775,828,947,1498,690,808,7570,7517,7439,15,10,40,0,2,9,0,16,0,13,1,1,0,0,0,12,53,18,6,10,9,7491,31,34,49,5,21,7570,88,55,8,2,23,7482,7570,88,66,0,0,0,0,11,11,7482,7373,15,10,40,1,1,42,7570,7473,3108,1721,2121,1691,214,94,30,309,36,16,191,97,62,19,43,35,18,17,3108,2058,790,1721,581,120,75,217,134,1050,906,443,152,463,299,860,1043,2.4,2.97,3670,3108,562,86,10,42,23,218,183,1.6,12.7,3108,2525,583,6228,1245,2.47,2.14,1.53491610391,0.135471594848
19069,Franklin County,A,1507301318,1428932,+42.7365489,-093.2714247,10680,672,716,690,700,495,605,572,556,626,720,841,802,648,514,420,387,345,371,5380,379,365,354,364,277,336,289,296,304,362,420,430,325,250,192,160,154,123,5300,293,351,336,336,218,269,283,260,322,358,421,372,323,264,228,227,191,248,42.8,40.6,44.8,8461,4211,4250,8133,4050,4083,7805,3864,3941,2425,1080,1345,2037,879,1158,10680,10511,10001,38,20,28,7,7,9,1,2,0,2,4,0,0,1,3,420,169,35,12,25,80,10163,73,66,43,6,507,10680,1209,1126,7,1,75,9471,10680,1209,667,19,8,0,3,416,96,9471,9334,19,12,28,1,4,73,10680,10482,4332,2459,2884,2354,325,145,31,482,47,18,268,198,182,61,121,16,7,9,4332,2946,1165,2459,853,199,119,288,193,1386,1174,523,148,651,423,1252,1327,2.42,2.92,4894,4332,562,160,6,63,21,36,276,1.9,13.4,4332,3306,1026,8062,2420,2.44,2.36,1.64794062035,0.165842647017
19077,Guthrie County,A,1529699184,6355537,+41.6835728,-094.5012723,10954,615,715,797,708,341,479,577,581,694,891,842,847,689,608,486,416,330,338,5443,307,381,419,382,190,241,297,295,330,462,428,437,326,308,230,178,141,91,5511,308,334,378,326,151,238,280,286,364,429,414,410,363,300,256,238,189,247,44.8,43.4,46.1,8657,4239,4418,8333,4073,4260,8054,3920,4134,2585,1133,1452,2178,948,1230,10954,10851,10687,16,22,37,4,8,3,2,4,0,16,4,3,0,0,1,85,103,33,15,27,19,10787,47,59,55,7,107,10954,202,151,4,2,45,10752,10954,202,92,0,1,0,0,85,24,10752,10595,16,21,37,4,0,79,10954,10784,4544,2617,2918,2424,281,134,46,424,62,20,270,170,125,34,91,45,36,9,4544,3098,1211,2617,909,178,116,303,186,1446,1256,558,163,698,472,1311,1484,2.37,2.88,5756,4544,1212,216,12,84,27,587,286,2.2,19.8,4544,3681,863,8856,1928,2.41,2.23,1.72351904074,0.166106593766
19101,Jefferson County,A,1127964789,3538407,+41.0068799,-091.9671367,16843,762,807,892,944,1538,1152,898,850,813,1062,1296,1758,1570,772,508,419,376,426,8997,405,415,464,502,1129,730,510,446,408,509,650,936,817,367,249,172,150,138,7846,357,392,428,442,409,422,388,404,405,553,646,822,753,405,259,247,226,288,43.5,38.9,47.8,14187,7617,6570,13777,7406,6371,13261,7108,6153,3348,1519,1829,2501,1076,1425,16843,16575,14759,214,31,1425,1170,97,32,8,16,2,100,2,0,0,0,2,144,268,89,57,48,25,14996,290,131,1516,7,191,16843,410,247,31,5,127,16433,16843,410,220,15,3,5,0,123,44,16433,14539,199,28,1420,2,21,224,16843,15112,6846,3271,3580,2782,467,196,65,948,74,66,396,1731,150,42,108,1581,1393,188,6846,4080,1533,3271,1060,248,136,561,337,2766,2321,1117,217,1204,554,1669,1759,2.21,2.79,7594,6846,748,207,27,89,33,98,294,1.9,8.3,6846,4573,2273,10766,4346,2.35,1.91,1.45084192449,0.121157675064
19059,Dickinson County,A,985764366,60490800,+43.3896107,-095.1960572,16667,817,929,914,849,639,835,894,839,944,1203,1334,1459,1299,980,854,723,575,580,8260,442,486,478,424,333,445,469,446,486,577,669,707,659,481,390,329,241,198,8407,375,443,436,425,306,390,425,393,458,626,665,752,640,499,464,394,334,382,48.1,46.3,49.5,13822,6744,7078,13440,6575,6865,13047,6375,6672,4439,1999,2440,3712,1639,2073,16667,16542,16386,29,13,72,5,25,7,4,16,7,8,5,4,0,0,1,37,125,41,32,31,11,16508,66,61,108,5,51,16667,178,133,13,6,26,16489,16667,178,131,0,1,0,0,32,14,16489,16255,29,12,72,5,5,111,16667,16456,7554,4125,3747,3045,331,122,56,699,59,33,429,211,179,52,127,32,15,17,7554,4857,1659,4125,1218,259,153,473,288,2697,2310,1040,265,1270,752,1744,2483,2.18,2.69,12849,7554,5295,358,23,301,34,4363,216,4.8,17.4,7554,5883,1671,13284,3172,2.26,1.9,1.43865825689,0.11620575007
19067,Floyd County,A,1296631086,1942569,+43.0527410,-092.7873669,16303,1046,1034,1064,1139,762,803,823,884,937,1182,1152,1173,1041,876,703,556,550,578,7989,530,540,532,602,379,426,392,449,447,604,583,578,504,429,323,247,235,189,8314,516,494,532,537,383,377,431,435,490,578,569,595,537,447,380,309,315,389,43.3,41.8,44.6,12905,6259,6646,12412,6004,6408,11867,5711,6156,3861,1710,2151,3263,1423,1840,16303,16178,15620,203,23,216,4,11,179,3,9,2,8,5,1,2,1,1,111,125,19,19,50,21,15739,255,43,244,10,145,16303,331,256,18,7,50,15972,16303,331,177,3,10,3,1,109,28,15972,15443,200,13,213,4,2,97,16303,15999,6886,3647,4464,3604,406,203,44,596,67,24,372,304,254,84,170,50,26,24,6886,4462,1806,3647,1265,255,159,560,382,2424,2145,934,284,1211,730,1942,2234,2.32,2.91,7526,6886,640,180,7,103,46,46,258,2,9.2,6886,5117,1769,12502,3497,2.44,1.98,1.55195757649,0.14349063027
19007,Appanoose County,A,1287981483,49083877,+40.7446826,-092.8703450,12887,811,805,767,822,646,669,637,690,718,952,1001,909,868,690,570,508,389,435,6271,437,401,378,423,313,324,321,340,370,468,507,466,408,344,257,215,163,136,6616,374,404,389,399,333,345,316,350,348,484,494,443,460,346,313,293,226,299,44.2,42.8,45.5,10336,4963,5373,9993,4793,5200,9533,4556,4977,3091,1356,1735,2592,1115,1477,12887,12752,12586,63,32,36,6,3,14,3,9,0,1,1,1,0,0,0,34,135,52,21,35,18,12717,103,90,59,4,52,12887,181,106,17,7,51,12706,12887,181,116,8,2,1,1,32,21,12706,12470,55,30,35,0,2,114,12887,12761,5627,2718,3337,2603,458,217,67,621,71,42,399,126,109,41,68,17,5,12,5627,3529,1377,2718,890,253,156,558,331,2098,1815,802,246,1013,622,1521,1867,2.27,2.85,6633,5627,1006,148,12,100,34,319,393,2.4,8.5,5627,4036,1591,9562,3199,2.37,2.01,1.54165042334,0.142555144597
19051,Davis County,A,1300661956,6904100,+40.7480892,-092.4103453,8753,746,678,724,623,429,425,427,470,469,581,638,561,489,405,365,282,215,226,4340,373,342,381,327,224,209,205,247,231,292,325,280,271,178,167,124,97,67,4413,373,336,343,296,205,216,222,223,238,289,313,281,218,227,198,158,118,159,38.6,37.4,39.8,6462,3172,3290,6203,3032,3171,5872,2853,3019,1770,786,984,1493,633,860,8753,8685,8614,7,19,24,2,0,11,0,6,0,5,0,0,0,0,0,21,68,33,14,11,2,8682,20,56,46,6,23,8753,85,64,12,0,9,8668,8753,85,58,0,2,0,0,21,4,8668,8556,7,17,24,0,0,64,8753,8629,3201,1980,2925,2409,225,107,37,298,34,28,166,124,124,41,83,0,0,0,3201,2300,1007,1980,791,121,86,199,130,901,777,343,81,434,293,1063,956,2.7,3.23,3600,3201,399,65,6,68,30,109,121,2.6,9.2,3201,2563,638,7210,1419,2.81,2.22,1.52580873724,0.139419301563
19039,Clarke County,A,1116716080,1524746,+41.0291908,-093.7840961,9286,689,640,629,605,509,527,508,510,555,661,693,672,539,424,352,256,278,239,4626,360,337,322,329,264,272,268,240,284,323,367,332,283,190,152,122,105,76,4660,329,303,307,276,245,255,240,270,271,338,326,340,256,234,200,134,173,163,40.2,38.4,42.1,7194,3542,3652,6940,3398,3542,6620,3217,3403,1854,809,1045,1549,645,904,9286,9197,8758,39,29,37,4,8,11,2,5,0,7,4,0,0,1,3,330,89,30,22,6,12,8840,49,73,64,7,352,9286,927,755,8,1,163,8359,9286,927,550,1,14,5,0,329,28,8359,8208,38,15,32,4,1,61,9286,9134,3701,1978,2589,2115,384,166,41,482,65,23,276,152,116,46,70,36,20,16,3701,2461,1043,1978,737,161,104,322,202,1240,1029,440,119,589,362,1144,1063,2.47,3.01,4086,3701,385,111,5,77,15,52,125,2.8,9.4,3701,2639,1062,6734,2400,2.55,2.26,1.43855092033,0.119732686984
19013,Black Hawk County,A,1465333940,17900114,+42.4728884,-092.3060590,131090,8458,7823,7550,10139,14954,9400,8023,6896,7148,7917,8774,8805,7072,4950,4041,3223,2961,2956,63708,4284,3917,3831,4787,7244,4883,4072,3456,3632,3914,4150,4324,3446,2409,1823,1426,1155,955,67382,4174,3906,3719,5352,7710,4517,3951,3440,3516,4003,4624,4481,3626,2541,2218,1797,1806,2001,34.4,33.5,35.5,105788,50946,54842,102594,49309,53285,93632,45324,48308,22148,9685,12463,18131,7768,10363,131090,128105,112215,11640,297,1707,435,367,109,57,227,208,304,201,27,35,2,137,2045,2985,357,448,1431,304,114982,13368,883,2276,297,2482,131090,4907,3585,211,38,1073,126183,131090,4907,2247,147,88,22,26,1921,456,126183,109968,11493,209,1685,175,124,2529,131090,125123,52470,23861,32954,25738,5011,2120,424,10827,515,235,3813,5967,1258,527,731,4709,2004,2705,52470,32110,13705,23861,8747,2232,1212,6017,3746,20360,15120,6689,1515,8431,4064,15055,12807,2.38,2.93,55887,52470,3417,1195,86,602,150,200,1184,1.7,6.6,52470,35649,16821,88103,37020,2.47,2.2,1.66948365534,0.162364695741
19163,Scott County,A,1186444226,26215864,+41.6416793,-090.6222899,165224,11253,11403,11127,11046,10499,11502,10591,10094,10869,11883,12494,11387,9471,6506,4911,3860,2993,3335,80977,5749,5736,5753,5670,5031,5756,5289,5070,5446,5851,6085,5657,4676,3122,2193,1691,1150,1052,84247,5504,5667,5374,5376,5468,5746,5302,5024,5423,6032,6409,5730,4795,3384,2718,2169,1843,2283,37.7,36.5,38.8,129234,62583,66651,124658,60240,64418,118343,57089,61254,27038,11897,15141,21605,9208,12397,165224,160319,142267,11728,496,3332,814,371,193,100,338,1136,380,68,23,8,8,29,2428,4905,716,475,2266,570,146739,14652,1635,4073,176,3286,165224,9197,7763,420,88,926,156027,165224,9197,5383,315,127,37,15,2261,1059,156027,136884,11413,369,3295,53,167,3846,165224,161890,66765,32255,46628,36448,6697,3069,726,9545,896,282,5130,3334,1457,721,736,1877,917,960,66765,43144,19479,32255,12786,2950,1723,7939,4970,23621,19119,8746,1766,10373,4720,21395,15422,2.42,2.98,71835,66765,5070,1925,98,893,224,377,1553,1.9,8.7,66765,46653,20112,118542,43348,2.54,2.16,1.88576481224,0.131041548366
19149,Plymouth County,A,2234881736,2177308,+42.7375854,-096.2158638,24986,1652,1734,1888,1778,997,1298,1382,1389,1570,1886,2069,1836,1358,1120,832,839,688,670,12373,847,913,971,896,500,673,684,698,821,914,1041,939,674,550,387,369,287,209,12613,805,821,917,882,497,625,698,691,749,972,1028,897,684,570,445,470,401,461,41.2,40,42.4,19307,9441,9866,18502,9034,9468,17738,8645,9093,4918,2190,2728,4149,1802,2347,24986,24736,24086,76,71,117,14,11,23,3,32,19,15,16,2,0,5,9,370,250,59,43,75,39,24325,162,139,164,36,414,24986,742,566,26,6,144,24244,24986,742,304,3,20,2,0,365,48,24244,23782,73,51,115,16,5,202,24986,24637,9875,5893,7458,6138,551,229,69,860,116,32,493,349,287,69,218,62,41,21,9875,6953,3042,5893,2354,407,259,653,429,2922,2550,1139,306,1411,852,3207,2745,2.49,3,10550,9875,675,178,3,112,19,48,315,1.4,7.6,9875,7699,2176,19930,4707,2.59,2.16,2.59054892589,0.245922695667
19131,Mitchell County,A,1215049026,1118418,+43.3485643,-092.7844663,10776,665,723,790,744,479,505,471,525,606,823,822,705,576,544,482,440,398,478,5309,350,360,422,375,249,261,246,259,296,422,418,367,295,269,214,185,166,155,5467,315,363,368,369,230,244,225,266,310,401,404,338,281,275,268,255,232,323,44,42.3,45.7,8454,4113,4341,8112,3932,4180,7753,3755,3998,2671,1151,1520,2342,989,1353,10776,10722,10621,21,10,28,6,5,3,2,9,0,3,2,1,0,1,0,40,54,15,10,10,8,10671,35,32,43,6,48,10776,110,65,8,0,37,10666,10776,110,57,1,1,0,0,40,11,10666,10564,20,9,28,2,0,43,10776,10529,4395,2550,3126,2578,124,41,28,334,45,21,216,247,219,78,141,28,15,13,4395,2957,1200,2550,942,130,88,277,170,1438,1279,567,170,712,511,1238,1518,2.4,2.96,4850,4395,455,93,5,51,26,81,199,1.4,9.6,4395,3524,871,8837,1692,2.51,1.94,1.51950276959,0.135030276825
19049,Dallas County,A,1524070766,8421379,+41.6853206,-094.0407065,66135,5772,5686,5239,3622,2954,5191,5322,5226,5134,4597,4247,3653,3016,2006,1521,1120,883,946,32349,2920,2799,2710,1903,1378,2457,2644,2547,2570,2300,2106,1751,1467,967,700,495,345,290,33786,2852,2887,2529,1719,1576,2734,2678,2679,2564,2297,2141,1902,1549,1039,821,625,538,656,34.3,33.7,34.8,48579,23472,25107,46914,22615,24299,45401,21812,23589,8159,3636,4523,6476,2797,3679,66135,65126,60971,918,127,1662,701,242,70,37,153,181,278,39,10,1,4,24,1409,1009,153,229,265,197,61884,1245,351,1958,82,1685,66135,4059,2494,127,35,1403,62076,66135,4059,2341,28,33,10,2,1362,283,62076,58630,890,94,1652,37,47,726,66135,65619,25240,14631,21001,18282,1803,703,212,2944,216,97,1544,516,433,143,290,83,50,33,25240,17694,9394,14631,7346,964,629,2099,1419,7546,5962,2491,442,3471,1337,9826,4439,2.6,3.12,27260,25240,2020,596,29,624,98,145,528,3,9.8,25240,19784,5456,53400,12219,2.7,2.24,1.68973445374,0.165724237653
19147,Palo Alto County,A,1460349241,14480046,+43.0758537,-094.6672965,9421,586,598,535,665,536,513,469,469,434,660,735,652,560,449,400,421,341,398,4678,301,321,299,371,283,254,247,245,208,341,383,323,288,222,161,185,130,116,4743,285,277,236,294,253,259,222,224,226,319,352,329,272,227,239,236,211,282,43.9,40.5,46.4,7588,3702,3886,7353,3568,3785,6912,3326,3586,2329,978,1351,2009,814,1195,9421,9342,9211,44,21,31,3,7,6,3,6,0,6,6,0,2,0,4,29,79,28,17,11,9,9283,69,59,51,8,42,9421,152,117,3,0,32,9269,9421,152,103,0,0,0,2,28,19,9269,9108,44,21,31,4,1,60,9421,9077,3994,2073,2361,1953,179,72,29,470,43,27,224,344,200,42,158,144,88,56,3994,2510,996,2073,718,153,94,284,184,1484,1276,564,158,712,466,1058,1316,2.27,2.84,4628,3994,634,110,1,64,23,149,287,2.1,9.6,3994,2956,1038,7046,2031,2.38,1.96,1.63415174725,0.163024733214
19071,Fremont County,A,1323872918,14214133,+40.7437257,-095.5995159,7441,470,422,471,503,314,340,377,417,394,543,613,599,522,395,297,300,236,228,3695,233,222,233,268,178,173,187,218,199,271,313,298,262,200,136,135,92,77,3746,237,200,238,235,136,167,190,199,195,272,300,301,260,195,161,165,144,151,45.1,43.5,46.6,5957,2937,3020,5742,2826,2916,5520,2704,2816,1751,796,955,1456,640,816,7441,7374,7212,39,23,20,2,1,9,1,5,1,1,1,0,1,0,0,79,67,28,6,17,7,7277,58,52,28,7,88,7441,187,151,8,0,28,7254,7441,187,89,7,1,2,0,76,12,7254,7123,32,22,18,1,3,55,7441,7306,3064,1670,1926,1513,279,131,36,367,55,23,207,135,116,43,73,19,12,7,3064,2085,797,1670,542,150,98,265,157,979,838,372,113,466,285,891,984,2.38,2.86,3431,3064,367,69,5,56,25,59,153,2.4,8.1,3064,2291,773,5563,1743,2.43,2.25,1.62200106948,0.142669204515
19159,Ringgold County,A,1386933932,8721518,+40.7353342,-094.2442514,5131,332,354,362,296,223,240,244,228,249,338,382,332,342,285,241,219,205,259,2492,169,189,200,129,114,120,124,124,120,161,194,170,171,141,107,97,90,72,2639,163,165,162,167,109,120,120,104,129,177,188,162,171,144,134,122,115,187,45.6,43.4,47.3,4021,1914,2107,3888,1854,2034,3740,1776,1964,1419,614,805,1209,507,702,5131,5093,5004,17,14,16,1,0,7,1,4,2,1,0,0,0,0,0,42,38,11,7,5,4,5040,30,32,24,3,48,5131,91,70,6,0,15,5040,5131,91,38,0,1,0,0,40,12,5040,4966,17,13,16,0,2,26,5131,4952,2047,1177,1402,1146,150,72,23,176,25,15,103,179,171,49,122,8,4,4,2047,1364,508,1177,396,65,33,122,79,683,591,246,88,345,261,555,760,2.42,3,2613,2047,566,71,6,34,18,312,125,2.1,12.9,2047,1573,474,3906,1046,2.48,2.21,1.56406807896,0.148784392378
19023,Butler County,A,1502533262,4209738,+42.7347076,-092.7800664,14867,982,950,988,853,601,801,805,799,885,972,1156,1112,1019,778,605,551,459,551,7337,487,501,505,426,301,409,423,415,427,491,584,576,515,390,279,242,188,178,7530,495,449,483,427,300,392,382,384,458,481,572,536,504,388,326,309,271,373,43.8,42.4,44.9,11760,5757,6003,11364,5553,5811,10980,5352,5628,3524,1570,1954,2944,1277,1667,14867,14756,14636,26,21,35,4,0,11,2,11,5,2,2,1,1,0,0,36,111,34,18,36,4,14743,66,59,59,17,40,14867,133,94,7,1,31,14734,14867,133,84,1,7,0,0,36,5,14734,14552,25,14,35,2,0,106,14867,14625,6120,3689,3992,3279,318,126,50,506,98,21,304,242,242,71,171,0,0,0,6120,4323,1663,3689,1265,242,140,392,258,1797,1580,713,206,867,612,1776,1925,2.39,2.85,6682,6120,562,117,7,82,34,49,273,1.6,9.4,6120,4994,1126,12225,2400,2.45,2.13,1.645992437,0.16562164905
19137,Montgomery County,A,1098405666,2410460,+41.0217348,-095.1577896,10740,595,667,768,710,405,514,524,604,633,781,891,804,703,526,415,433,352,415,5209,309,348,381,350,206,270,256,303,305,381,459,419,355,241,182,192,134,118,5531,286,319,387,360,199,244,268,301,328,400,432,385,348,285,233,241,218,297,44.6,42.8,46,8549,4092,4457,8229,3934,4295,7915,3782,4133,2540,1073,1467,2141,867,1274,10740,10641,10460,25,38,23,1,3,8,0,5,4,2,5,1,1,2,1,90,99,39,10,26,16,10558,53,81,34,9,107,10740,305,270,4,2,29,10435,10740,305,195,0,3,0,0,89,18,10435,10265,25,35,23,5,1,81,10740,10527,4558,2291,2838,2307,304,125,48,536,78,31,347,213,195,49,146,18,8,10,4558,2929,1201,2291,785,205,132,433,284,1629,1400,604,168,796,499,1288,1443,2.31,2.85,5239,4558,681,135,10,94,39,44,359,2.8,9.5,4558,3283,1275,7760,2767,2.36,2.17,1.43013383723,0.117868931759
19181,Warren County,A,1475844938,9125380,+41.3367685,-093.5643662,46225,2974,3307,3655,3530,2771,2449,2581,2997,3226,3600,3361,3017,2598,1887,1382,1167,820,903,22507,1504,1722,1859,1791,1324,1215,1271,1446,1594,1759,1619,1502,1276,885,638,534,322,246,23718,1470,1585,1796,1739,1447,1234,1310,1551,1632,1841,1742,1515,1322,1002,744,633,498,657,38.3,37.1,39.2,35628,17096,18532,34207,16367,17840,32067,15315,16752,7676,3379,4297,6159,2625,3534,46225,45663,44887,216,109,250,15,40,48,3,65,20,59,11,5,3,1,2,190,562,120,118,170,74,45428,426,264,392,40,275,46225,899,653,41,18,187,45326,46225,899,621,3,13,1,1,154,106,45326,44266,213,96,249,10,36,456,46225,44483,17262,10422,13786,11298,1259,548,170,1754,167,69,940,1742,506,176,330,1236,527,709,17262,12621,5852,10422,4420,657,427,1542,1005,4641,3817,1556,382,2261,1241,6228,4141,2.58,3.02,18371,17262,1109,332,23,242,66,109,337,1.7,8.6,17262,13776,3486,36840,7643,2.67,2.19,1.70886350607,0.159731101318
19053,Decatur County,A,1377566066,4142102,+40.7363787,-093.7845799,8457,532,510,522,764,859,410,376,419,412,535,559,562,464,396,350,320,238,229,4238,293,260,274,410,463,206,187,213,206,255,282,282,241,183,167,146,100,70,4219,239,250,248,354,396,204,189,206,206,280,277,280,223,213,183,174,138,159,38.2,35.7,40.5,6770,3347,3423,6539,3217,3322,5894,2879,3015,1798,803,995,1533,666,867,8457,8369,8068,152,33,59,4,10,9,2,15,6,13,16,11,0,0,5,41,88,38,12,13,3,8147,172,78,82,32,46,8457,181,91,24,1,65,8276,8457,181,122,3,5,6,0,32,13,8276,7946,149,28,53,16,9,75,8457,7794,3223,1664,2226,1768,228,110,35,453,38,23,217,663,91,27,64,572,303,269,3223,2076,821,1664,565,135,72,277,184,1147,939,415,110,524,322,903,1037,2.42,2.98,3834,3223,611,144,16,56,20,102,273,2.4,12.9,3223,2271,952,5788,2006,2.55,2.11,1.5584847943,0.147302923319
19187,Webster County,A,1853443769,7277623,+42.4343970,-094.1791565,38013,2248,2267,2359,2985,2784,2431,2065,1859,2131,2693,2909,2693,2252,1621,1361,1246,1072,1037,19467,1144,1214,1217,1682,1660,1420,1109,939,1132,1343,1484,1335,1074,780,627,538,435,334,18546,1104,1053,1142,1303,1124,1011,956,920,999,1350,1425,1358,1178,841,734,708,637,703,40,36.5,43.3,30663,15644,15019,29594,15059,14535,27386,13732,13654,7641,3312,4329,6337,2714,3623,38013,37332,35095,1462,112,246,18,63,51,11,34,32,37,9,4,1,2,2,408,681,104,64,354,86,35749,1862,251,323,39,506,38013,1446,1159,73,7,207,36567,38013,1446,885,27,22,5,2,373,132,36567,34210,1435,90,241,7,35,549,38013,35386,15580,7196,9638,7597,1109,546,114,1863,198,70,1037,2627,1756,1450,306,871,566,305,15580,9584,4027,7196,2499,712,431,1676,1097,5996,5132,2309,573,2823,1514,4379,4440,2.27,2.87,17035,15580,1455,530,22,297,71,105,430,2.6,10.5,15580,11100,4480,26352,9034,2.37,2.02,1.89403853933,0.203552201583
19025,Calhoun County,A,1476209027,5560503,+42.3861699,-094.6436829,9670,550,583,551,574,401,431,452,446,518,652,810,809,601,538,492,435,378,449,4697,286,296,281,302,190,205,237,227,245,327,403,422,300,268,224,186,158,140,4973,264,287,270,272,211,226,215,219,273,325,407,387,301,270,268,249,220,309,47.8,46.3,49,7864,3777,4087,7618,3633,3985,7345,3502,3843,2655,1160,1495,2292,976,1316,9670,9610,9526,22,19,21,3,4,6,1,3,0,4,1,1,0,0,0,21,60,14,11,20,6,9584,47,39,37,4,29,9670,90,66,15,1,8,9580,9670,90,56,3,1,1,0,19,10,9580,9470,19,18,20,1,2,50,9670,9432,4242,2312,2362,1942,212,90,36,304,20,17,221,238,170,45,125,68,46,22,4242,2780,1027,2312,716,171,109,297,202,1462,1335,582,192,753,522,1077,1526,2.22,2.76,5108,4242,866,175,14,53,28,242,354,1.5,16.8,4242,3388,854,7751,1681,2.29,1.97,1.73631888914,0.161988041438
19123,Mahaska County,A,1478527687,6564800,+41.3307969,-092.6363663,22381,1515,1508,1524,1553,1508,1282,1330,1248,1330,1589,1637,1576,1183,938,780,638,570,672,11252,791,813,786,857,779,656,664,633,677,815,845,794,595,452,370,276,232,217,11129,724,695,738,696,729,626,666,615,653,774,792,782,588,486,410,362,338,455,38.9,37,40.6,17556,8731,8825,16940,8395,8545,15961,7844,8117,4270,1890,2380,3598,1547,2051,22381,22135,21428,254,60,255,30,18,64,27,17,5,94,4,3,0,0,1,134,246,54,58,93,15,21659,354,123,324,13,160,22381,360,256,20,11,73,22021,22381,360,186,3,13,5,0,126,27,22021,21242,251,47,250,4,8,219,22381,21722,8975,4883,6159,5063,650,271,92,1055,101,32,585,659,215,73,142,444,298,146,8975,6044,2588,4883,1833,354,220,807,535,2931,2460,1129,274,1331,786,2762,2421,2.42,2.93,9766,8975,791,281,11,131,38,89,241,2,9.7,8975,6384,2591,16094,5628,2.52,2.17,1.61458269152,0.159746244725
19015,Boone County,A,1480356844,5364798,+42.0386005,-093.9391375,26306,1561,1644,1817,1897,1361,1570,1573,1485,1571,1967,2143,1975,1548,1124,932,792,656,690,13202,822,835,990,1072,702,804,796,779,793,954,1083,997,793,523,461,342,249,207,13104,739,809,827,825,659,766,777,706,778,1013,1060,978,755,601,471,450,407,483,40.8,38.9,42.8,20848,10303,10545,20027,9801,10226,19094,9333,9761,5064,2213,2851,4194,1782,2412,26306,26040,25509,206,81,88,22,20,7,2,19,9,9,3,1,1,1,0,153,266,68,62,77,27,25764,301,166,158,12,185,26306,505,325,19,14,147,25801,26306,505,315,4,9,1,0,136,40,25801,25194,202,72,87,3,17,226,26306,25538,10728,5875,6950,5634,674,288,85,1311,135,50,714,768,537,299,238,231,165,66,10728,7134,2966,5875,2185,392,232,867,549,3594,2963,1374,312,1589,876,3181,2813,2.38,2.89,11756,10728,1028,272,11,250,46,64,385,3,9.2,10728,8067,2661,20069,5469,2.49,2.06,1.62538415649,0.161539199419
19113,Linn County,A,1856710588,19748575,+42.0779506,-091.5976735,211226,14160,14525,14460,15343,14039,14778,14249,13529,14051,15252,15001,13202,11149,8029,6341,5038,3934,4146,103950,7163,7341,7435,7700,7101,7524,7174,6749,7119,7596,7427,6527,5378,3780,2865,2204,1536,1331,107276,6997,7184,7025,7643,6938,7254,7075,6780,6932,7656,7574,6675,5771,4249,3476,2834,2398,2815,36.5,35.4,37.7,165171,80483,84688,159379,77621,81758,149530,72636,76894,33902,14847,19055,27488,11716,15772,211226,206293,191884,8346,565,3806,1371,558,296,132,411,480,558,180,31,14,15,120,1512,4933,694,850,2430,290,196499,11230,1625,4866,320,1959,211226,5534,3812,366,91,1265,205692,211226,5534,3292,186,86,23,18,1355,574,205692,188592,8160,479,3783,162,157,4359,211226,206060,86134,42071,58407,47805,6510,2639,861,12938,1031,385,6292,5166,2094,1026,1068,3072,1415,1657,86134,54169,25461,42071,17734,3535,2129,8563,5598,31965,25188,11557,2196,13631,6040,27235,19313,2.39,2.98,92251,86134,6117,2285,110,1198,259,531,1734,1.9,8.8,86134,62596,23538,157974,48086,2.52,2.04,1.80771405496,0.204157625701
19099,Jasper County,A,1891779160,6565706,+41.6856863,-093.0529712,36842,2162,2394,2370,2285,1788,2196,2171,2266,2461,2926,2963,2535,2236,1683,1393,1101,997,915,18764,1134,1229,1242,1212,969,1205,1194,1260,1257,1506,1560,1279,1113,815,605,482,416,286,18078,1028,1165,1128,1073,819,991,977,1006,1204,1420,1403,1256,1123,868,788,619,581,629,41.6,39.8,43.6,29441,14926,14515,28425,14391,14034,27288,13753,13535,7420,3269,4151,6089,2604,3485,36842,36516,35639,470,103,163,33,24,20,4,24,8,50,8,2,1,2,3,133,326,88,76,99,33,35955,581,206,253,18,170,36842,537,399,36,4,98,36305,36842,537,355,6,2,0,0,131,43,36305,35284,464,101,163,8,2,283,36842,35194,14806,8155,9777,7808,1009,476,119,1447,124,74,882,1648,1489,1286,203,159,93,66,14806,10080,4129,8155,2958,611,355,1314,816,4726,4095,1793,476,2302,1378,4434,4253,2.38,2.88,16181,14806,1375,449,13,310,93,100,410,2.7,10.8,14806,11102,3704,27237,7957,2.45,2.15,1.89342811328,0.205291263494
19145,Page County,A,1385494422,1359125,+40.7390902,-095.1442898,15932,919,832,980,1113,775,826,901,943,909,1134,1238,1176,1011,798,688,566,540,583,8261,469,434,498,628,454,488,532,526,539,608,645,603,528,390,330,216,199,174,7671,450,398,482,485,321,338,369,417,370,526,593,573,483,408,358,350,341,409,43.7,40.9,46.9,12952,6724,6228,12426,6418,6008,11946,6150,5796,3745,1600,2145,3175,1309,1866,15932,15713,15039,352,86,116,13,18,14,39,11,11,10,6,3,3,0,0,114,219,61,45,64,18,15239,430,164,176,14,141,15932,438,353,7,8,70,15494,15932,438,272,8,17,0,2,109,30,15494,14767,344,69,116,4,5,189,15932,14464,6393,3268,3741,3000,443,211,65,619,79,32,365,1468,1443,1232,211,25,15,10,6393,4107,1555,3268,1037,262,167,577,351,2286,2032,828,266,1204,767,1699,2194,2.26,2.81,7181,6393,788,222,14,137,34,44,337,2.9,10.9,6393,4588,1805,10779,3685,2.35,2.04,1.59289447719,0.147854691915
19093,Ida County,A,1117599646,1406468,+42.3918601,-095.5074206,7089,489,455,455,425,292,384,356,330,381,497,584,523,453,333,291,291,266,284,3539,264,252,232,213,150,200,190,171,187,247,302,265,240,166,137,127,106,90,3550,225,203,223,212,142,184,166,159,194,250,282,258,213,167,154,164,160,194,44.8,42.7,46.6,5592,2738,2854,5391,2634,2757,5224,2559,2665,1713,746,967,1465,626,839,7089,7048,6957,17,12,19,0,0,3,3,5,0,8,1,0,0,1,0,42,41,19,10,6,4,6996,24,32,29,2,47,7089,100,88,3,0,9,6989,7089,100,50,0,3,0,0,41,6,6989,6907,17,9,19,1,1,35,7089,6967,3052,1646,1895,1599,119,59,18,255,40,15,154,122,122,40,82,0,0,0,3052,1968,802,1646,591,110,75,212,136,1084,961,461,121,500,336,845,982,2.28,2.86,3426,3052,374,97,5,41,11,17,203,1.8,11.1,3052,2282,770,5401,1566,2.37,2.03,1.53953120027,0.122333718591
19047,Crawford County,A,1849742893,2194275,+42.0431192,-095.3890903,17096,1269,1212,1247,1336,960,902,951,969,950,1211,1255,1077,964,777,588,489,428,511,8685,648,642,645,712,539,485,493,508,477,624,653,568,477,398,270,219,178,149,8411,621,570,602,624,421,417,458,461,473,587,602,509,487,379,318,270,250,362,38.4,36.6,40.4,13077,6617,6460,12580,6348,6232,11842,5936,5906,3359,1491,1868,2793,1214,1579,17096,16817,14168,208,59,104,4,5,5,0,8,10,72,16,1,14,1,0,2262,279,28,14,36,149,14408,261,117,124,25,2445,17096,4131,2951,3,5,1172,12965,17096,4131,1627,13,33,7,8,2249,194,12965,12541,195,26,97,8,13,85,17096,16511,6413,3474,4886,4001,806,315,49,932,120,32,435,585,203,67,136,382,213,169,6413,4361,1952,3474,1381,346,196,541,375,2052,1733,806,207,927,607,2130,1881,2.57,3.1,6943,6413,530,120,6,80,22,32,270,1.7,6.5,6413,4688,1725,12282,4229,2.62,2.45,1.85619785398,0.201359113967
19003,Adams County,A,1096700733,5353423,+41.0216555,-094.6969059,4029,234,209,242,256,181,205,185,191,213,330,363,273,287,227,196,163,128,146,1994,122,115,124,112,94,114,81,114,103,156,190,139,141,108,93,75,67,46,2035,112,94,118,144,87,91,104,77,110,174,173,134,146,119,103,88,61,100,46.7,45.9,47.3,3295,1616,1679,3180,1565,1615,3050,1500,1550,1035,476,559,860,389,471,4029,4007,3953,8,19,24,7,1,3,1,9,1,2,0,0,0,0,0,3,22,12,2,7,0,3974,16,31,27,0,3,4029,37,30,0,0,7,3992,4029,37,31,0,1,1,0,3,1,3992,3922,8,18,23,0,0,21,4029,3915,1715,963,971,788,106,48,8,160,13,14,104,114,49,21,28,65,36,29,1715,1126,412,963,311,64,37,99,64,589,498,222,64,276,170,441,567,2.28,2.81,2010,1715,295,66,6,31,42,45,105,2.2,14.4,1715,1330,385,3099,816,2.33,2.12,1.43127532615,0.117999442572
19031,Cedar County,A,1500731293,6385840,+41.7723547,-091.1321900,18499,1148,1259,1279,1240,747,946,1018,1041,1233,1511,1520,1323,1141,847,645,544,507,550,9151,598,621,648,658,396,473,526,534,593,710,787,696,590,396,308,243,204,170,9348,550,638,631,582,351,473,492,507,640,801,733,627,551,451,337,301,303,380,42.4,41,43.6,14548,7152,7396,13962,6845,7117,13430,6563,6867,3728,1645,2083,3093,1321,1772,18499,18302,18090,52,29,85,7,11,13,7,31,3,13,3,3,0,0,0,43,197,58,33,49,32,18278,116,98,130,5,84,18499,284,210,5,8,61,18215,18499,284,193,0,6,7,1,42,35,18215,17897,52,23,78,2,1,162,18499,18175,7511,4324,5120,4216,441,200,69,779,81,39,501,324,233,74,159,91,41,50,7511,5181,2226,4324,1653,297,188,560,385,2330,1969,906,252,1063,654,2364,2075,2.42,2.91,8064,7511,553,95,10,99,27,47,275,1.6,5.5,7511,5903,1608,14752,3423,2.5,2.13,1.63410715561,0.16319877223
19027,Carroll County,A,1474835105,2145362,+42.0394920,-094.8676471,20816,1464,1355,1376,1393,941,1113,1139,1098,1244,1587,1687,1491,1054,889,787,776,667,755,10141,769,666,719,687,483,569,573,551,632,798,882,736,521,418,358,333,226,220,10675,695,689,657,706,458,544,566,547,612,789,805,755,533,471,429,443,441,535,42.3,40.4,44,16277,7814,8463,15640,7507,8133,15060,7221,7839,4455,1823,2632,3874,1555,2319,20816,20630,20250,83,25,92,14,24,12,1,24,9,8,1,0,1,0,0,179,186,48,23,71,16,20429,176,91,120,5,198,20816,333,270,6,3,54,20483,20816,333,131,1,5,0,1,174,21,20483,20119,82,20,92,0,5,165,20816,20349,8683,4669,5809,4901,361,153,61,827,104,24,452,467,360,106,254,107,47,60,8683,5593,2482,4669,1858,282,180,642,444,3090,2713,1177,299,1536,980,2600,2590,2.34,2.94,9376,8683,693,228,11,93,20,70,271,1.4,9.4,8683,6486,2197,16009,4340,2.47,1.98,1.62016848161,0.160588004992
19009,Audubon County,A,1147264459,1152260,+41.6791780,-094.9043119,6119,335,312,403,423,211,263,279,284,373,487,518,429,383,331,321,231,255,281,2957,169,154,197,203,103,140,150,127,191,243,262,235,189,160,156,99,105,74,3162,166,158,206,220,108,123,129,157,182,244,256,194,194,171,165,132,150,207,47,46.1,47.8,4969,2393,2576,4780,2299,2481,4612,2219,2393,1640,703,937,1419,594,825,6119,6082,6032,10,8,25,4,2,4,7,6,0,2,1,0,0,0,1,6,37,7,7,10,5,6067,25,22,33,2,12,6119,37,24,3,1,9,6082,6119,37,25,1,1,0,0,5,5,6082,6007,9,7,25,1,1,32,6119,5983,2617,1483,1533,1254,144,63,21,206,22,10,138,136,136,34,102,0,0,0,2617,1743,641,1483,483,95,64,165,94,874,793,356,103,437,304,683,918,2.29,2.81,2972,2617,355,97,5,54,29,39,131,2.4,16.5,2617,2130,487,4906,1077,2.3,2.21,1.50075109473,0.12418960591
19055,Delaware County,A,1496381153,3082496,+42.4730031,-091.3594425,17764,1140,1206,1260,1265,741,908,950,966,1109,1510,1535,1261,969,754,712,555,479,444,8875,599,617,614,640,386,471,483,490,563,734,805,654,501,364,351,242,200,161,8889,541,589,646,625,355,437,467,476,546,776,730,607,468,390,361,313,279,283,42.1,41.3,43,13845,6885,6960,13281,6603,6678,12752,6329,6423,3466,1580,1886,2944,1318,1626,17764,17649,17507,48,18,49,5,11,4,3,17,3,6,2,0,2,0,0,25,115,25,18,49,8,17617,109,53,68,5,35,17764,139,118,4,1,16,17625,17764,139,99,3,1,5,2,17,12,17625,17408,45,17,44,0,8,103,17764,17546,7062,4240,5222,4247,342,134,43,680,100,24,408,218,158,47,111,60,32,28,7062,4984,2124,4240,1660,263,151,481,313,2078,1761,845,233,916,568,2237,1958,2.48,2.97,8028,7062,966,107,7,66,29,534,223,1.2,6.9,7062,5634,1428,14473,3073,2.57,2.15,1.65382179218,0.164144200638
19083,Hardin County,A,1474498672,1773894,+42.3899554,-093.2410810,17534,1058,1042,1124,1363,888,914,824,861,951,1205,1378,1240,1011,894,787,682,597,715,8717,522,525,592,811,500,466,433,440,493,570,706,649,496,415,347,292,236,224,8817,536,517,532,552,388,448,391,421,458,635,672,591,515,479,440,390,361,491,43.7,40.6,46.4,14058,6944,7114,13486,6591,6895,12701,6111,6590,4253,1801,2452,3675,1514,2161,17534,17343,16799,217,42,79,18,30,13,2,13,0,3,1,1,0,0,0,205,191,49,28,46,36,16974,285,105,114,8,252,17534,651,525,39,1,86,16883,17534,651,369,9,11,11,0,202,49,16883,16430,208,31,68,1,3,142,17534,16664,7296,3864,4385,3639,385,172,48,734,89,28,417,870,547,294,253,323,238,85,7296,4706,1865,3864,1302,293,194,549,369,2590,2274,968,289,1306,867,1988,2434,2.28,2.83,8224,7296,928,242,27,141,57,65,396,2.5,11.8,7296,5518,1778,12815,3849,2.32,2.16,1.69049575027,0.161383824452
19167,Sioux County,A,1989969635,1707495,+43.0828542,-096.1779289,33704,2639,2555,2385,3090,2985,2084,1961,1700,1729,2062,2243,2011,1452,1166,1029,914,828,871,16831,1334,1284,1206,1584,1524,1107,1028,859,901,1071,1129,1028,732,546,471,392,325,310,16873,1305,1271,1179,1506,1461,977,933,841,828,991,1114,983,720,620,558,522,503,561,32.7,31.7,33.8,25650,12781,12869,24657,12224,12433,22229,11004,11225,5639,2459,3180,4808,2044,2764,33704,33390,31441,129,96,272,29,71,7,6,67,8,84,4,2,1,0,1,1448,314,37,46,81,102,31730,227,147,333,22,1573,33704,3001,2600,19,4,378,30703,33704,3001,1351,25,48,8,1,1444,124,30703,30090,104,48,264,3,4,190,33704,31294,11584,7781,10216,8624,735,292,64,978,114,34,323,2410,375,134,241,2035,923,1112,11584,8614,3925,7781,3409,315,169,518,347,2970,2611,1136,270,1475,959,4082,3056,2.7,3.17,12279,11584,695,164,21,121,45,47,297,1.3,6.7,11584,9308,2276,26029,5265,2.8,2.31,2.47252155563,0.220158043364
19001,Adair County,A,1474404167,2597997,+41.3285283,-094.4781643,7682,449,489,463,454,340,394,400,374,441,603,630,546,455,379,366,320,232,347,3807,233,249,225,267,197,178,196,200,217,296,332,299,226,169,168,145,96,114,3875,216,240,238,187,143,216,204,174,224,307,298,247,229,210,198,175,136,233,45.3,43.8,46.9,6174,3040,3134,5957,2917,3040,5764,2797,2967,1906,828,1078,1644,692,952,7682,7630,7558,11,4,22,6,0,7,1,4,0,4,1,1,0,0,0,34,52,17,6,9,9,7608,25,24,29,9,45,7682,101,63,5,0,33,7581,7682,101,51,0,0,0,0,32,18,7581,7507,11,4,22,1,2,34,7682,7531,3292,1807,1965,1606,171,88,22,296,31,15,181,151,151,42,109,0,0,0,3292,2148,828,1807,609,121,70,220,149,1144,1011,450,131,561,372,882,1077,2.29,2.84,3698,3292,406,100,3,48,17,48,190,1.9,11.4,3292,2520,772,5966,1565,2.37,2.03,1.6112166716,0.158865278624
19175,Union County,A,1097235730,5575916,+41.0285502,-094.2450907,12534,829,813,826,867,705,737,661,710,658,897,916,866,782,605,498,425,355,384,6106,449,404,393,464,363,371,322,341,347,435,460,408,400,277,243,178,137,114,6428,380,409,433,403,342,366,339,369,311,462,456,458,382,328,255,247,218,270,40.9,39.3,42.8,9907,4767,5140,9598,4605,4993,9028,4301,4727,2720,1181,1539,2267,949,1318,12534,12409,12144,89,39,60,13,15,17,1,8,0,6,3,0,1,1,1,74,125,41,22,32,10,12263,128,94,87,12,89,12534,225,166,10,1,48,12309,12534,225,115,1,9,1,0,72,27,12309,12029,88,30,59,3,2,98,12534,12182,5271,2593,3280,2665,370,187,46,668,67,29,365,352,126,38,88,226,123,103,5271,3328,1414,2593,910,226,158,509,346,1943,1664,705,177,959,539,1522,1557,2.31,2.88,5937,5271,666,134,12,100,34,97,289,2.6,8,5271,3736,1535,9085,3097,2.43,2.02,1.43050731125,0.1180783469
19129,Mills County,A,1132956394,8306523,+41.0337028,-095.6191010,15059,958,1055,1098,1050,615,749,828,933,978,1220,1292,1208,1052,620,484,352,292,275,7572,490,557,565,554,320,362,407,475,492,619,656,602,530,327,243,180,108,85,7487,468,498,533,496,295,387,421,458,486,601,636,606,522,293,241,172,184,190,41.2,40.5,41.9,11703,5837,5866,11240,5593,5647,10766,5335,5431,2643,1251,1392,2023,943,1080,15059,14894,14639,57,49,55,3,2,11,6,17,2,14,10,9,0,0,1,84,165,54,23,38,16,14798,104,120,82,31,110,15059,359,290,19,8,42,14700,15059,359,249,0,8,0,0,78,24,14700,14390,57,41,55,10,6,141,15059,14451,5605,3354,4311,3460,527,247,83,654,88,40,353,608,462,293,169,146,77,69,5605,4093,1743,3354,1261,245,155,494,327,1512,1253,590,136,663,371,1893,1383,2.58,3,6109,5605,504,108,7,92,39,51,207,2,8.6,5605,4467,1138,11754,2697,2.63,2.37,1.50752966626,0.122205787796
19185,Wayne County,A,1360874542,4441137,+40.7399827,-093.3326126,6403,399,435,391,441,289,333,270,310,313,511,493,434,366,370,290,267,222,269,3118,194,214,178,243,136,174,140,157,166,251,261,231,186,167,132,113,88,87,3285,205,221,213,198,153,159,130,153,147,260,232,203,180,203,158,154,134,182,45.3,44.1,46.5,5081,2477,2604,4903,2389,2514,4673,2264,2409,1648,706,942,1418,587,831,6403,6355,6275,18,12,18,0,1,13,3,1,0,0,1,0,0,0,1,31,48,18,8,17,2,6322,35,31,26,3,34,6403,69,40,1,0,28,6334,6403,69,31,1,0,3,0,31,3,6334,6244,17,12,15,1,0,45,6403,6312,2652,1431,1764,1391,209,87,36,256,21,61,148,91,79,29,50,12,6,6,2652,1750,658,1431,477,110,60,209,121,902,795,353,116,442,324,716,956,2.38,2.95,3212,2652,560,85,4,36,62,151,222,1.6,13.4,2652,2106,546,5092,1220,2.42,2.23,1.55222939765,0.145559178328
19133,Monona County,A,1797638295,12591879,+42.0494317,-095.9565661,9243,501,564,586,583,345,415,410,460,460,699,759,706,565,557,449,414,363,407,4516,263,274,305,298,186,212,194,231,225,364,376,371,302,275,218,175,133,114,4727,238,290,281,285,159,203,216,229,235,335,383,335,263,282,231,239,230,293,47.5,46.2,48.7,7469,3613,3856,7195,3471,3724,6940,3339,3601,2525,1097,1428,2190,915,1275,9243,9153,8972,33,97,20,0,4,10,0,3,1,2,4,0,0,0,4,27,90,24,13,41,0,9056,79,129,36,7,32,9243,107,78,6,1,22,9136,9243,107,68,0,7,0,0,27,5,9136,8904,33,90,20,4,0,85,9243,9043,4050,1988,2314,1842,273,145,27,418,60,30,262,200,190,51,139,10,1,9,4050,2496,942,1988,635,172,108,336,199,1554,1364,616,180,748,495,1031,1469,2.23,2.83,4697,4050,647,131,6,60,19,105,326,1.9,11.2,4050,3014,1036,6971,2072,2.31,2,2.14033256143,0.196868419532
19085,Harrison County,A,1804827800,12417759,+41.6885844,-095.8271491,14928,928,926,1040,1047,639,703,766,902,897,1215,1247,1057,902,735,587,482,378,477,7348,485,443,530,522,341,356,366,469,453,602,624,541,470,348,284,204,155,155,7580,443,483,510,525,298,347,400,433,444,613,623,516,432,387,303,278,223,322,42.9,41.7,44.1,11806,5779,6027,11333,5542,5791,10867,5300,5567,3181,1405,1776,2659,1146,1513,14928,14802,14658,25,43,42,2,8,10,8,12,0,2,0,0,0,0,0,34,126,67,12,18,16,14784,49,118,59,3,52,14928,183,112,18,5,48,14745,14928,183,126,0,4,1,0,34,18,14745,14532,25,39,41,0,0,108,14928,14645,5987,3385,4188,3296,475,230,52,610,64,26,361,283,242,78,164,41,13,28,5987,4120,1693,3385,1251,242,149,493,293,1867,1618,774,238,844,557,1850,1801,2.45,2.95,6731,5987,744,110,10,107,67,121,329,2.2,7.5,5987,4631,1356,11692,2953,2.52,2.18,2.16991854651,0.196511376999
19117,Lucas County,A,1115231642,9852849,+41.0333440,-093.3314666,8898,548,576,621,627,381,388,443,450,513,653,699,675,530,473,395,344,270,312,4432,282,308,331,345,183,194,220,234,257,340,331,352,261,243,193,146,112,100,4466,266,268,290,282,198,194,223,216,256,313,368,323,269,230,202,198,158,212,44.1,42.3,45.7,7006,3437,3569,6723,3285,3438,6450,3133,3317,2111,941,1170,1794,794,1000,8898,8844,8769,17,16,15,4,4,2,2,2,0,1,3,0,0,0,3,24,54,18,11,9,9,8821,28,37,29,5,35,8898,89,70,8,3,8,8809,8898,89,49,2,7,0,0,23,8,8809,8720,15,9,15,3,1,46,8898,8820,3689,2021,2470,1961,285,151,35,355,62,19,215,78,76,22,54,2,1,1,3689,2448,944,2021,691,152,94,275,159,1241,1093,483,162,610,394,1052,1263,2.39,2.95,4238,3689,549,111,7,81,93,75,182,2.6,12.2,3689,2895,794,7228,1592,2.5,2.01,1.44383750996,0.120466090096
19063,Emmet County,A,1025333118,17196398,+43.3779844,-094.6693702,10302,660,642,602,876,611,574,555,523,519,677,782,753,589,455,415,352,327,390,5143,346,317,304,432,368,307,296,266,271,332,391,395,297,224,199,149,132,117,5159,314,325,298,444,243,267,259,257,248,345,391,358,292,231,216,203,195,273,41,38.9,43.3,8265,4120,4145,7932,3983,3949,7346,3626,3720,2272,984,1288,1939,821,1118,10302,10144,9591,65,69,44,5,8,15,0,7,7,2,1,1,0,0,0,374,158,28,16,27,63,9738,100,110,66,10,444,10302,763,589,29,0,145,9539,10302,763,272,4,34,0,0,370,83,9539,9319,61,35,44,1,4,75,10302,9762,4236,2130,2611,2099,296,126,36,489,47,19,263,540,289,65,224,251,167,84,4236,2684,1079,2130,724,198,133,356,222,1552,1341,644,164,697,430,1158,1285,2.3,2.88,4758,4236,522,155,3,84,74,78,128,2.5,13.1,4236,3214,1022,7614,2148,2.37,2.1,1.4344099385,0.115791949534
19153,Polk County,A,1486121332,45945876,+41.6842807,-093.5697204,430640,32816,30863,29445,27808,28867,35237,32261,29631,29894,30903,29396,25835,21139,14374,10376,8302,6779,6714,211171,16780,15798,15243,14052,13967,17401,16186,14912,15008,15421,14369,12493,10084,6680,4637,3528,2639,1973,219469,16036,15065,14202,13756,14900,17836,16075,14719,14886,15482,15027,13342,11055,7694,5739,4774,4140,4741,34.7,33.7,35.6,332019,160584,171435,320715,154740,165975,304047,146494,157553,58477,25164,33313,46545,19457,27088,430640,420235,364895,25853,1384,15220,2521,1419,624,185,878,3396,6197,254,82,55,17,100,12629,10405,1253,1938,3780,1462,374062,30929,3474,17817,601,14873,430640,32647,25143,877,246,6381,397993,430640,32647,17185,509,490,102,26,12024,2311,397993,347710,25344,894,15118,228,605,8094,430640,421284,170197,82125,123949,100707,18444,7021,2149,26569,1644,641,12862,9356,4339,1984,2355,5017,2528,2489,170197,108321,53257,82125,37340,7420,4151,18776,11766,61876,48127,20910,3627,27217,10595,57326,33612,2.48,3.07,182262,170197,12065,4728,231,2861,573,705,2967,2.4,8.2,170197,117531,52666,307321,113963,2.61,2.16,1.80258347854,0.165679824846
19019,Buchanan County,A,1478934897,5427652,+42.4703284,-091.8386658,20958,1566,1588,1571,1403,1070,1181,1179,1167,1283,1558,1600,1361,1226,899,771,562,479,494,10401,767,845,822,721,547,607,590,603,620,773,795,695,612,444,376,244,174,166,10557,799,743,749,682,523,574,589,564,663,785,805,666,614,455,395,318,305,328,39,37.5,40.4,15911,7804,8107,15282,7478,7804,14618,7137,7481,3911,1736,2175,3205,1404,1801,20958,20731,20505,67,32,90,20,5,9,4,35,3,14,1,1,0,0,0,36,227,71,20,78,31,20728,157,118,115,20,68,20958,243,160,18,7,58,20715,20958,243,161,8,10,0,0,32,32,20715,20344,59,22,90,1,4,195,20958,20615,8161,4685,6385,5212,528,253,68,856,101,30,508,343,270,121,149,73,36,37,8161,5661,2411,4685,1814,338,212,638,385,2500,2091,967,249,1124,687,2586,2219,2.53,3.05,8968,8161,807,146,14,100,42,209,296,1.5,7.8,8161,6441,1720,16842,3773,2.61,2.19,1.66369403423,0.162489964024
19037,Chickasaw County,A,1306338733,3309332,+43.0597409,-092.3172101,12439,822,832,784,837,554,642,602,633,708,910,1056,933,750,623,552,416,390,395,6255,430,400,438,440,287,333,310,333,374,472,547,467,388,293,265,189,159,130,6184,392,432,346,397,267,309,292,300,334,438,509,466,362,330,287,227,231,265,43.7,42.3,45.3,9797,4888,4909,9404,4689,4715,9058,4488,4570,2798,1247,1551,2376,1036,1340,12439,12379,12119,41,10,40,1,6,20,8,4,0,1,0,0,0,0,0,169,60,19,8,16,13,12177,59,30,50,1,183,12439,269,244,4,0,21,12170,12439,269,71,12,5,0,0,169,12,12170,12048,29,5,40,0,0,48,12439,12256,5204,2937,3417,2866,238,97,41,460,65,20,274,183,132,42,90,51,30,21,5204,3490,1409,2937,1065,226,141,327,203,1714,1497,717,195,780,520,1486,1612,2.36,2.89,5679,5204,475,123,9,65,13,49,216,1.5,11,5204,4216,988,10167,2089,2.41,2.11,1.55826138621,0.144714623819
19057,Des Moines County,A,1077754850,35294123,+40.9153392,-091.1869253,40325,2638,2556,2570,2546,2041,2474,2300,2273,2398,2938,2990,2927,2578,1980,1549,1301,1081,1185,19600,1356,1269,1302,1339,991,1197,1179,1134,1210,1423,1508,1452,1260,978,692,543,398,369,20725,1282,1287,1268,1207,1050,1277,1121,1139,1188,1515,1482,1475,1318,1002,857,758,683,816,41.5,40.1,43,32044,15394,16650,30982,14848,16134,29570,14093,15477,8556,3672,4884,7096,2980,4116,40325,39394,36704,2048,99,290,65,56,49,13,43,6,58,21,10,8,1,2,232,931,163,90,528,63,37600,2641,307,404,39,312,40325,1042,815,52,12,163,39283,40325,1042,645,43,11,5,3,207,128,39283,36059,2005,88,285,18,25,803,40325,39640,17003,8063,10832,8355,1584,712,207,2158,248,76,1271,685,518,261,257,167,99,68,17003,10919,4481,8063,2714,793,461,2063,1306,6084,5144,2263,570,2881,1637,4983,4999,2.33,2.88,18535,17003,1532,581,24,240,67,165,455,1.9,11,17003,12345,4658,29817,9823,2.42,2.11,1.56660510655,0.118988678587
19029,Cass County,A,1461450856,1758815,+41.3338235,-094.9333023,13956,923,852,847,841,623,730,705,717,718,1055,1120,1032,869,730,697,532,473,492,6819,487,441,448,425,321,367,338,385,359,494,581,512,428,348,320,212,197,156,7137,436,411,399,416,302,363,367,332,359,561,539,520,441,382,377,320,276,336,45.1,42.8,46.8,11174,5361,5813,10768,5151,5617,10358,4949,5409,3440,1499,1941,2924,1233,1691,13956,13870,13636,35,28,30,3,4,5,0,3,0,15,45,2,1,0,42,96,86,32,4,24,19,13717,62,64,35,47,118,13956,253,189,18,5,41,13703,13956,253,134,2,5,0,0,87,25,13703,13502,33,23,30,45,9,61,13956,13652,5980,3159,3559,2940,338,180,37,616,66,31,368,304,245,87,158,59,32,27,5980,3885,1501,3159,1030,231,142,495,329,2095,1825,771,184,1054,652,1613,1937,2.28,2.82,6591,5980,611,122,10,87,47,35,310,1.9,6.9,5980,4331,1649,10171,3481,2.35,2.11,1.60265705263,0.157383520754
19005,Allamakee County,A,1655214493,50995230,+43.2749637,-091.3827510,14330,945,894,882,920,699,732,710,717,834,1045,1127,1078,944,794,637,515,430,427,7310,519,458,442,471,405,396,355,397,426,534,574,541,490,407,314,256,183,142,7020,426,436,440,449,294,336,355,320,408,511,553,537,454,387,323,259,247,285,44,42.6,45.5,11429,5805,5624,11020,5587,5433,10554,5337,5217,3326,1569,1757,2803,1302,1501,14330,14242,13750,113,36,34,4,2,19,0,7,0,2,17,0,10,0,7,292,88,24,8,17,21,13832,137,68,51,23,317,14330,757,523,8,3,223,13573,14330,757,425,4,5,1,6,289,27,13573,13325,109,31,33,11,3,61,14330,13998,5845,3227,3892,3120,374,127,52,660,63,29,343,332,318,151,167,14,8,6,5845,3885,1525,3227,1118,257,144,401,263,1960,1653,821,236,832,500,1620,1831,2.39,2.93,7617,5845,1772,206,7,88,19,1221,231,1.9,13.6,5845,4539,1306,10972,3026,2.42,2.32,1.8463521612,0.189217972701
19121,Madison County,A,1452999410,2983842,+41.3306216,-094.0151842,15679,1099,1225,1242,1005,589,720,964,1034,1124,1213,1174,1115,854,671,553,403,315,379,7797,578,648,645,530,294,353,473,506,556,613,572,556,453,321,268,184,137,110,7882,521,577,597,475,295,367,491,528,568,600,602,559,401,350,285,219,178,269,39.8,38.9,40.7,11900,5806,6094,11411,5546,5865,11000,5340,5660,2809,1267,1542,2321,1020,1301,15679,15541,15376,46,28,51,6,5,14,2,1,11,12,1,1,0,0,0,39,138,42,34,26,14,15503,81,75,97,14,60,15679,197,137,19,1,40,15482,15679,197,143,1,2,0,0,34,17,15482,15233,45,26,51,1,5,121,15679,15487,6025,3752,4775,3994,422,200,64,513,74,28,324,192,183,51,132,9,0,9,6025,4410,2025,3752,1608,216,131,442,286,1615,1388,623,165,765,435,2143,1541,2.57,3.03,6554,6025,529,122,2,93,21,64,227,1.9,8.4,6025,4704,1321,12549,2938,2.67,2.22,1.60089262359,0.156604411678
19033,Cerro Gordo County,A,1471923432,17626527,+43.0751708,-093.2512660,44151,2543,2484,2754,3021,2410,2601,2345,2269,2537,3377,3653,3481,2757,1994,1734,1506,1356,1329,21542,1302,1328,1409,1547,1245,1362,1194,1113,1279,1638,1787,1768,1296,938,769,631,541,395,22609,1241,1156,1345,1474,1165,1239,1151,1156,1258,1739,1866,1713,1461,1056,965,875,815,934,43.3,41,45.4,35794,17219,18575,34660,16647,18013,32791,15639,17152,9502,4000,5502,7919,3274,4645,44151,43435,41964,578,91,377,71,89,35,11,48,36,87,9,0,5,3,1,416,716,129,113,286,113,42655,909,253,514,37,544,44151,1694,1391,48,4,251,42457,44151,1694,1088,23,23,9,1,398,152,42457,40876,555,68,368,8,18,564,44151,42993,19350,9204,11021,8743,1131,478,162,2287,212,103,1348,1158,591,232,359,567,321,246,19350,11786,4753,9204,3158,772,483,1810,1112,7564,6387,2770,656,3617,1941,5108,5513,2.22,2.81,22163,19350,2813,523,22,305,92,1386,485,2.2,8.5,19350,13755,5595,32154,10839,2.34,1.94,1.64219818028,0.16465060371
19065,Fayette County,A,1892791345,1334074,+42.8644496,-091.8393728,20880,1263,1180,1347,1582,1290,1030,1024,979,1229,1529,1657,1494,1221,1044,927,778,612,694,10432,693,600,698,814,697,534,534,484,640,788,863,749,619,489,412,337,254,227,10448,570,580,649,768,593,496,490,495,589,741,794,745,602,555,515,441,358,467,43.2,41.4,45,16798,8289,8509,16189,7984,8205,15183,7455,7728,4764,2080,2684,4055,1719,2336,20880,20687,20253,198,21,107,17,29,11,4,16,6,24,15,1,0,0,14,93,193,50,16,84,18,20441,287,78,131,26,120,20880,380,283,18,1,78,20500,20880,380,266,2,0,2,0,87,23,20500,19987,196,21,105,15,6,170,20880,20098,8634,4569,5368,4363,499,210,80,1028,113,58,549,782,344,122,222,438,266,172,8634,5596,2213,4569,1571,371,216,656,426,3038,2565,1167,324,1398,884,2360,2726,2.33,2.86,9558,8634,924,209,12,119,41,123,420,1.8,8.7,8634,6454,2180,15464,4634,2.4,2.13,1.83139798993,0.208637949917
19017,Bremer County,A,1127880105,10171939,+42.7808902,-092.3275863,24276,1414,1460,1539,2104,2000,1197,1283,1337,1454,1602,1692,1565,1437,1191,962,734,585,720,11869,724,752,765,1054,999,602,674,660,724,773,840,802,708,573,449,328,238,204,12407,690,708,774,1050,1001,595,609,677,730,829,852,763,729,618,513,406,347,516,39.3,37.8,40.7,19519,9461,10058,18763,9064,9699,17205,8304,8901,5035,2199,2836,4192,1792,2400,24276,24045,23601,191,16,174,32,26,21,22,30,3,40,2,0,2,0,0,61,231,47,46,92,18,23819,298,77,227,11,85,24276,239,161,16,3,59,24037,24276,239,142,5,5,1,0,57,29,24037,23459,186,11,173,2,4,202,24276,22558,9385,5612,6289,5230,347,135,56,925,71,27,444,1718,379,122,257,1339,635,704,9385,6509,2720,5612,2131,273,179,624,410,2876,2417,1037,295,1380,880,2831,2784,2.4,2.88,9915,9385,530,94,12,96,32,81,215,1.3,4.7,9385,7476,1909,18631,3927,2.49,2.06,1.47570035478,0.125180553356
19171,Tama County,A,1867411117,2769451,+42.0748481,-092.5294115,17767,1111,1215,1328,1296,806,880,889,948,1169,1246,1332,1240,1033,834,727,629,496,588,8731,524,653,667,668,424,436,428,470,580,622,674,639,522,407,348,265,216,188,9036,587,562,661,628,382,444,461,478,589,624,658,601,511,427,379,364,280,400,41.8,40.8,42.7,13816,6737,7079,13227,6428,6799,12665,6138,6527,3857,1721,2136,3274,1424,1850,17767,17316,15373,60,1327,46,0,6,6,2,13,5,14,4,4,0,0,0,506,451,215,36,36,65,15750,129,1612,97,27,625,17767,1320,1225,19,3,73,16447,17767,1320,499,1,144,1,1,498,176,16447,14874,59,1183,45,3,8,275,17767,17368,6947,3926,5008,3999,752,369,81,735,94,32,436,399,364,112,252,35,14,21,6947,4821,2011,3926,1450,298,181,597,380,2126,1806,841,248,965,654,2197,2157,2.5,3.01,7766,6947,819,181,17,111,31,85,394,2,10.9,6947,5480,1467,13781,3587,2.51,2.45,1.80663805458,0.203477256033
19143,Osceola County,A,1032587437,1835265,+43.3785421,-095.6337878,6462,401,405,409,419,307,316,353,335,387,473,597,444,340,316,276,255,204,225,3243,207,222,203,223,174,162,180,179,192,237,311,227,181,140,126,109,100,70,3219,194,183,206,196,133,154,173,156,195,236,286,217,159,176,150,146,104,155,43.5,41.9,45.6,5171,2567,2604,4972,2460,2512,4767,2355,2412,1490,659,831,1276,545,731,6462,6412,6149,18,21,19,6,0,3,1,1,1,7,5,1,4,0,0,200,50,15,10,10,6,6194,33,36,30,9,211,6462,430,364,8,0,58,6032,6462,430,212,3,2,0,4,197,12,6032,5937,15,19,19,1,3,38,6462,6350,2682,1520,1721,1395,171,61,18,256,33,6,158,112,102,37,65,10,5,5,2682,1787,709,1520,550,108,64,159,95,895,782,363,106,419,284,742,841,2.37,2.91,2990,2682,308,43,2,30,12,14,207,1.4,6.9,2682,2108,574,5108,1242,2.42,2.16,1.43498684837,0.114892615648
19087,Henry County,A,1124904348,5780284,+40.9858640,-091.5442697,20145,1170,1259,1390,1376,1254,1214,1136,1213,1326,1478,1485,1322,1294,883,743,553,500,549,10310,629,662,712,744,668,691,612,616,704,782,772,678,655,435,353,224,200,173,9835,541,597,678,632,586,523,524,597,622,696,713,644,639,448,390,329,300,376,40.2,38.5,41.9,16033,8170,7863,15476,7863,7613,14674,7435,7239,3932,1739,2193,3228,1385,1843,20145,19822,18557,447,61,461,14,66,19,4,18,124,216,22,0,8,8,6,274,323,79,78,105,33,18865,569,149,547,31,316,20145,764,509,40,3,212,19381,20145,764,416,12,15,11,2,266,42,19381,18141,435,46,450,20,8,281,20145,18591,7666,4131,5294,4273,629,267,94,871,115,39,514,1554,1156,907,249,398,212,186,7666,5236,2227,4131,1511,379,233,726,483,2430,2067,922,226,1145,662,2397,2157,2.43,2.92,8280,7666,614,229,8,94,52,61,170,1.6,10.1,7666,5645,2021,14188,4403,2.51,2.18,1.3915802886,0.120990805626
19157,Poweshiek County,A,1514967877,2939136,+41.6845262,-092.5228819,18914,1007,1099,1118,1587,1729,924,875,923,1066,1282,1426,1248,1142,909,757,621,549,652,9257,494,577,596,805,854,469,453,449,550,629,707,625,556,417,366,282,227,201,9657,513,522,522,782,875,455,422,474,516,653,719,623,586,492,391,339,322,451,41,39.2,42.7,15441,7451,7990,14962,7207,7755,13580,6542,7038,4169,1837,2332,3488,1493,1995,18914,18655,17957,220,50,260,41,101,11,12,36,16,43,21,0,0,0,21,147,259,44,81,60,23,18200,313,113,372,30,177,18914,456,308,16,5,127,18458,18914,456,252,7,9,5,0,141,42,18458,17705,213,41,255,21,6,217,18914,17287,7555,3939,4523,3685,439,198,63,831,64,49,432,1627,283,84,199,1344,638,706,7555,4837,1988,3939,1376,257,168,641,444,2718,2299,1015,270,1284,742,2119,2310,2.29,2.84,8949,7555,1394,186,8,117,21,837,225,2.1,8.1,7555,5454,2101,12912,4375,2.37,2.08,1.64567533477,0.164150862947
19081,Hancock County,A,1478894985,5265572,+43.0754105,-093.7436965,11341,684,722,760,698,457,611,586,582,594,916,949,904,712,537,490,391,336,412,5656,343,384,417,349,219,336,292,299,299,460,484,492,361,284,216,175,132,114,5685,341,338,343,349,238,275,294,283,295,456,465,412,351,253,274,216,204,298,44.8,43.3,46.2,9020,4435,4585,8683,4276,4407,8380,4113,4267,2586,1135,1451,2166,921,1245,11341,11235,10957,56,16,47,15,4,10,1,8,2,7,1,0,1,0,0,158,106,30,25,25,18,11058,85,47,75,6,179,11341,398,345,10,0,43,10943,11341,398,213,6,6,0,0,151,22,10943,10744,50,10,47,1,7,84,11341,11156,4741,2695,3053,2499,235,114,29,432,45,17,280,185,135,44,91,50,27,23,4741,3184,1267,2695,947,167,103,322,217,1557,1358,630,157,728,509,1346,1465,2.35,2.88,5330,4741,589,107,6,97,19,59,301,2.5,10,4741,3780,961,9054,2102,2.4,2.19,1.64007221734,0.16405568909
19191,Winneshiek County,A,1786750121,698598,+43.2929889,-091.8507880,21056,1081,1164,1226,2058,2292,946,946,924,1195,1482,1651,1396,1148,874,810,644,593,626,10450,542,606,621,1026,1152,494,495,454,622,743,865,697,579,423,399,275,251,206,10606,539,558,605,1032,1140,452,451,470,573,739,786,699,569,451,411,369,342,420,39.4,38.3,40.5,17301,8535,8766,16759,8253,8506,14859,7347,7512,4181,1874,2307,3547,1554,1993,21056,20896,20347,133,13,226,38,55,11,5,62,20,35,4,1,2,0,1,173,160,31,39,39,27,20491,184,54,275,10,208,21056,418,283,16,5,114,20638,21056,418,194,3,3,2,2,170,44,20638,20153,130,10,224,2,3,116,21056,18768,7997,4470,5026,4091,362,139,89,913,63,32,425,2288,262,87,175,2026,885,1141,7997,5193,2087,4470,1662,273,161,450,264,2804,2304,1087,279,1217,725,2192,2374,2.35,2.9,8721,7997,724,194,13,65,35,158,259,1.1,9.2,7997,6087,1910,15003,3765,2.46,1.97,1.79050436096,0.198247920815
19105,Jones County,A,1490851138,3582593,+42.1251175,-091.1169141,20638,1210,1255,1271,1303,967,1150,1260,1192,1350,1723,1596,1540,1265,940,806,666,559,585,10713,610,637,638,682,565,630,707,640,763,925,850,840,649,475,382,308,221,191,9925,600,618,633,621,402,520,553,552,587,798,746,700,616,465,424,358,338,394,42.7,41.7,43.9,16612,8675,7937,16012,8370,7642,15412,8042,7370,4294,1953,2341,3556,1577,1979,20638,20515,19901,408,49,90,7,17,27,5,11,8,15,2,0,0,2,0,65,123,35,24,42,12,20021,455,90,115,3,84,20638,270,191,11,3,65,20368,20638,270,185,3,7,0,0,59,16,20368,19716,405,42,90,2,6,107,20638,19334,8181,4517,5321,4366,398,129,69,917,112,33,575,1304,1268,1098,170,36,21,15,8181,5517,2246,4517,1604,343,206,657,436,2664,2211,1034,299,1177,730,2377,2385,2.36,2.86,8911,8181,730,181,14,127,26,70,312,2,8.5,8181,6254,1927,15311,4023,2.45,2.09,1.63127508802,0.162700211729
19151,Pocahontas County,A,1495047042,3666526,+42.7340333,-094.6782789,7310,431,410,420,456,299,345,309,311,382,610,661,578,481,374,387,288,260,308,3633,217,217,210,245,159,170,171,162,187,302,354,292,249,176,182,127,105,108,3677,214,193,210,211,140,175,138,149,195,308,307,286,232,198,205,161,155,200,47.6,46.5,48.6,5954,2942,3012,5741,2824,2917,5526,2713,2813,1890,845,1045,1617,698,919,7310,7231,7126,26,12,12,4,2,2,0,1,1,2,10,4,1,0,5,45,79,12,9,20,25,7198,47,31,25,16,75,7310,166,130,1,0,35,7144,7310,166,83,0,3,0,2,45,33,7144,7043,26,9,12,8,0,46,7310,7169,3233,1730,1757,1442,157,75,14,292,50,12,177,141,141,45,96,0,0,0,3233,2056,746,1730,545,126,73,200,128,1177,1049,509,161,540,356,806,1076,2.22,2.77,3794,3233,561,127,6,76,99,40,213,2.7,16.4,3233,2590,643,5842,1327,2.26,2.06,1.64197894574,0.164745764564
19073,Greene County,A,1475188829,4249897,+42.0424940,-094.3887028,9336,520,584,638,608,382,472,432,430,521,707,777,719,595,451,433,352,324,391,4613,281,297,336,335,210,249,226,214,265,343,389,365,305,208,205,131,127,127,4723,239,287,302,273,172,223,206,216,256,364,388,354,290,243,228,221,197,264,45.6,43,47.6,7486,3645,3841,7180,3469,3711,6908,3324,3584,2292,968,1324,1951,798,1153,9336,9274,9108,26,25,30,3,10,3,5,8,0,1,3,2,0,0,1,82,62,26,9,15,4,9169,44,55,39,7,87,9336,171,113,14,0,44,9165,9336,171,91,4,0,0,0,74,2,9165,9017,22,25,30,3,8,60,9336,9194,3996,2083,2447,1991,261,118,29,407,47,22,226,142,121,31,90,21,9,12,3996,2553,977,2083,678,157,90,313,209,1443,1263,547,158,716,489,1059,1350,2.3,2.88,4546,3996,550,113,11,75,25,49,277,2.4,10.1,3996,3006,990,7111,2083,2.37,2.1,1.622902489,0.160855300247
19115,Louisa County,A,1040569636,40798459,+41.2182111,-091.2569936,11387,672,811,898,820,535,661,664,656,751,946,862,777,630,493,414,300,284,213,5793,333,437,482,432,275,354,332,340,389,481,455,395,333,244,197,132,114,68,5594,339,374,416,388,260,307,332,316,362,465,407,382,297,249,217,168,170,145,39.8,38.7,41,8815,4454,4361,8444,4255,4189,8055,4043,4012,2066,941,1125,1704,755,949,11387,11214,10272,60,33,102,1,3,10,1,4,1,82,8,7,0,1,0,739,173,26,15,27,66,10421,96,67,138,16,837,11387,1797,1639,28,10,120,9590,11387,1797,963,8,7,1,1,732,85,9590,9309,52,26,101,7,7,88,11387,11271,4346,2430,3306,2598,601,278,68,588,63,19,313,116,116,33,83,0,0,0,4346,3066,1314,2430,934,227,135,409,245,1280,1069,554,150,515,320,1459,1173,2.59,3.07,5002,4346,656,163,7,69,18,219,180,2,14.8,4346,3416,930,8968,2303,2.63,2.48,1.75059794805,0.116114336923
19179,Wapello County,A,1118443326,10846138,+41.0312631,-092.4094822,35625,2361,2238,2131,2509,2315,2172,2151,2040,2119,2451,2699,2529,2054,1583,1257,1152,914,950,17422,1206,1122,1081,1272,1200,1147,1086,1027,1099,1195,1305,1248,975,753,564,473,368,301,18203,1155,1116,1050,1237,1115,1025,1065,1013,1020,1256,1394,1281,1079,830,693,679,546,649,39.8,38,41.6,28440,13784,14656,27506,13310,14196,25867,12461,13406,7069,3010,4059,5856,2459,3397,35625,35074,32802,482,176,254,40,37,54,22,31,8,62,48,3,13,6,26,1312,551,128,59,173,115,33309,694,331,340,73,1456,35625,3234,2395,76,14,749,32391,35625,3234,1645,35,86,4,5,1303,156,32391,31157,447,90,250,43,9,395,35625,34758,14552,6963,9298,7057,1751,791,155,2194,236,88,1162,867,412,186,226,455,259,196,14552,9332,3852,6963,2460,740,431,1629,961,5220,4351,1898,494,2453,1381,4330,4185,2.39,2.93,16098,14552,1546,550,19,236,105,171,465,2.2,12.1,14552,10594,3958,26188,8570,2.47,2.17,1.44611617678,0.120918523015
19111,Lee County,A,1340366450,55293745,+40.6475875,-091.4771574,35862,2078,2084,2280,2371,1940,2036,2027,2005,2213,2731,2872,2768,2379,1808,1263,1078,925,1004,18131,1110,1048,1155,1251,1047,1114,1107,1057,1139,1412,1508,1407,1201,846,620,450,351,308,17731,968,1036,1125,1120,893,922,920,948,1074,1319,1364,1361,1178,962,643,628,574,696,42.6,40.8,44.4,28984,14596,14388,27901,14011,13890,26668,13368,13300,7440,3254,4186,6078,2575,3503,35862,35168,33537,1118,68,183,40,28,41,8,26,15,25,11,2,0,7,2,251,694,165,59,322,56,34204,1486,272,264,49,324,35862,1092,935,46,13,98,34770,35862,1092,704,24,7,2,4,240,111,34770,32833,1094,61,181,7,11,583,35862,34268,14610,7232,9278,7030,1342,664,161,1806,190,64,1083,1594,1493,1203,290,101,58,43,14610,9584,3782,7232,2349,724,454,1628,979,5026,4266,1954,487,2312,1367,4222,4245,2.35,2.86,16205,14610,1595,511,22,187,96,175,604,1.7,11.8,14610,10829,3781,26243,8025,2.42,2.12,1.99500417622,0.148580199494
19169,Story County,A,1483592867,2152172,+42.0375379,-093.4660934,89542,4803,4462,4197,9609,18846,7445,5324,4205,4132,4508,4827,4720,3519,2509,2001,1611,1331,1493,46412,2487,2286,2141,5022,10639,4126,2862,2232,2080,2190,2361,2369,1752,1192,934,714,535,490,43130,2316,2176,2056,4587,8207,3319,2462,1973,2052,2318,2466,2351,1767,1317,1067,897,796,1003,26.7,25.6,28.2,75276,39105,36171,73589,38232,35357,61492,31791,29701,10936,4861,6075,8945,3865,5080,89542,88024,79344,2196,163,5383,948,2616,141,90,725,208,655,20,8,7,0,5,918,1518,233,468,429,121,80719,2770,500,5991,70,1144,89542,2695,1665,278,56,696,86847,89542,2695,1532,71,29,14,3,806,240,86847,77812,2125,134,5369,17,112,1278,89542,81368,34736,15291,17946,15097,1872,511,216,11523,210,98,2178,8174,678,290,388,7496,4168,3328,34736,18493,8082,15291,6230,1036,501,2166,1351,16243,9828,4751,689,5077,1911,8450,6092,2.34,2.9,36789,34736,2053,767,48,456,110,155,517,2.3,4.7,34736,19121,15615,48018,33350,2.51,2.14,1.62535015152,0.161540963403
19075,Grundy County,A,1299805924,94406,+42.4033232,-092.7902613,12453,786,791,819,842,533,630,657,720,747,916,990,892,788,574,542,419,388,419,6156,393,417,432,445,277,318,329,384,364,460,478,466,394,285,255,178,146,135,6297,393,374,387,397,256,312,328,336,383,456,512,426,394,289,287,241,242,284,43,41,44.8,9876,4818,5058,9488,4616,4872,9108,4412,4696,2816,1228,1588,2342,999,1343,12453,12366,12269,28,4,27,4,5,1,1,10,2,4,7,4,3,0,0,31,87,24,15,33,10,12353,65,31,43,8,42,12453,122,90,14,0,18,12331,12453,122,79,2,0,0,0,30,11,12331,12190,26,4,27,7,1,76,12453,12299,5131,3089,3438,2812,225,87,31,416,64,24,240,154,154,39,115,0,0,0,5131,3604,1477,3089,1141,191,123,324,213,1527,1325,580,149,745,489,1552,1547,2.4,2.87,5530,5131,399,55,17,81,17,39,190,1.9,5.6,5131,4213,918,10430,1869,2.48,2.04,1.67889357456,0.142143164879
19155,Pottawattamie County,A,2461213949,22925740,+41.3401835,-095.5449053,93158,6318,6243,6102,6699,5845,5961,5586,5537,5748,7000,7068,6492,5226,3905,3017,2492,2028,1891,45690,3188,3219,3096,3441,2933,2989,2871,2799,2903,3423,3499,3183,2542,1819,1342,1048,801,594,47468,3130,3024,3006,3258,2912,2972,2715,2738,2845,3577,3569,3309,2684,2086,1675,1444,1227,1297,38.5,37,40,73195,35515,37680,70679,34267,36412,66496,32065,34431,16353,7073,9280,13333,5604,7729,93158,91388,86558,1267,441,570,48,65,141,46,84,124,62,27,9,10,1,7,2525,1770,407,223,494,397,88203,1899,1001,860,77,3002,93158,6151,4929,86,55,1081,87007,93158,6151,2949,51,107,21,2,2489,532,87007,83609,1216,334,549,25,36,1238,93158,91082,36775,17838,26202,19690,4886,2106,589,5381,514,232,2868,2076,1116,564,552,960,587,373,36775,24515,10416,17838,6620,2052,1110,4625,2686,12260,9949,4349,1058,5600,2880,11657,9545,2.48,3,39330,36775,2555,1012,53,486,137,159,708,1.9,8,36775,25129,11646,64331,26751,2.56,2.3,2.67719929419,0.267215959774
19089,Howard County,A,1225706425,927963,+43.3653125,-092.3219084,9566,690,650,642,629,423,527,542,447,561,714,752,652,490,467,366,348,305,361,4746,358,334,326,328,200,263,288,234,282,373,374,360,240,232,161,141,125,127,4820,332,316,316,301,223,264,254,213,279,341,378,292,250,235,205,207,180,234,42.1,40.9,43.6,7444,3652,3792,7154,3498,3656,6870,3372,3498,2139,916,1223,1847,786,1061,9566,9485,9380,25,10,24,0,6,5,0,9,0,4,7,0,0,0,7,39,81,19,15,29,7,9457,58,37,40,10,49,9566,118,73,4,0,41,9448,9566,118,66,0,1,0,0,38,13,9448,9314,25,9,24,7,1,68,9566,9353,3944,2101,2710,2282,180,71,30,418,58,22,259,213,152,59,93,61,39,22,3944,2547,1097,2101,801,172,108,274,188,1397,1198,558,148,640,433,1156,1236,2.37,2.96,4367,3944,423,75,3,65,18,46,216,2,8.5,3944,3143,801,7655,1698,2.44,2.12,1.52239960497,0.136193181847
